 0.000000E+00, 0.116442E+04
 0.184242E-03, 0.116442E+04
 0.368484E-03, 0.116442E+04
 0.552726E-03, 0.116442E+04
 0.736968E-03, 0.116442E+04
 0.921211E-03, 0.116442E+04
 0.110545E-02, 0.116442E+04
 0.128969E-02, 0.116442E+04
 0.147394E-02, 0.116442E+04
 0.165818E-02, 0.116442E+04
 0.184242E-02, 0.116442E+04
 0.202666E-02, 0.116442E+04
 0.221091E-02, 0.116442E+04
 0.239515E-02, 0.116442E+04
 0.257939E-02, 0.116442E+04
 0.276363E-02, 0.116442E+04
 0.294787E-02, 0.116442E+04
 0.313212E-02, 0.116442E+04
 0.331636E-02, 0.116442E+04
 0.350060E-02, 0.116442E+04
 0.368484E-02, 0.116442E+04
 0.386908E-02, 0.116442E+04
 0.405333E-02, 0.116442E+04
 0.423757E-02, 0.116442E+04
 0.442181E-02, 0.116442E+04
 0.460605E-02, 0.116442E+04
 0.479030E-02, 0.116442E+04
 0.497454E-02, 0.116442E+04
 0.515878E-02, 0.116442E+04
 0.534302E-02, 0.116442E+04
 0.552726E-02, 0.116442E+04
 0.571151E-02, 0.116442E+04
 0.589575E-02, 0.116442E+04
 0.607999E-02, 0.116442E+04
 0.626423E-02, 0.116442E+04
 0.644847E-02, 0.116442E+04
 0.663272E-02, 0.116442E+04
 0.681696E-02, 0.116442E+04
 0.700120E-02, 0.116442E+04
 0.718544E-02, 0.116442E+04
 0.736968E-02, 0.116442E+04
 0.755393E-02, 0.116442E+04
 0.773817E-02, 0.116442E+04
 0.792241E-02, 0.116442E+04
 0.810665E-02, 0.116442E+04
 0.829090E-02, 0.116442E+04
 0.847514E-02, 0.116442E+04
 0.865938E-02, 0.116442E+04
 0.884362E-02, 0.116442E+04
 0.902786E-02, 0.116442E+04
 0.921211E-02, 0.116442E+04
 0.939635E-02, 0.116442E+04
 0.958059E-02, 0.116442E+04
 0.976483E-02, 0.116442E+04
 0.994907E-02, 0.116442E+04
 0.101333E-01, 0.116442E+04
 0.103176E-01, 0.116442E+04
 0.105018E-01, 0.116442E+04
 0.106860E-01, 0.116442E+04
 0.108703E-01, 0.116442E+04
 0.110545E-01, 0.116442E+04
 0.112388E-01, 0.116442E+04
 0.114230E-01, 0.116442E+04
 0.116073E-01, 0.116442E+04
 0.117915E-01, 0.116387E+04
 0.119757E-01, 0.116387E+04
 0.121600E-01, 0.116387E+04
 0.123442E-01, 0.116387E+04
 0.125285E-01, 0.116387E+04
 0.127127E-01, 0.116387E+04
 0.128969E-01, 0.116387E+04
 0.130812E-01, 0.116387E+04
 0.132654E-01, 0.116387E+04
 0.134497E-01, 0.116387E+04
 0.136339E-01, 0.116387E+04
 0.138182E-01, 0.116387E+04
 0.140024E-01, 0.116387E+04
 0.141866E-01, 0.116387E+04
 0.143709E-01, 0.116387E+04
 0.145551E-01, 0.116387E+04
 0.147394E-01, 0.116387E+04
 0.149236E-01, 0.116387E+04
 0.151079E-01, 0.116387E+04
 0.152921E-01, 0.116387E+04
 0.154763E-01, 0.116387E+04
 0.156606E-01, 0.116387E+04
 0.158448E-01, 0.116387E+04
 0.160291E-01, 0.116387E+04
 0.162133E-01, 0.116387E+04
 0.163975E-01, 0.116387E+04
 0.165818E-01, 0.116331E+04
 0.167660E-01, 0.116331E+04
 0.169503E-01, 0.116331E+04
 0.171345E-01, 0.116331E+04
 0.173188E-01, 0.116331E+04
 0.175030E-01, 0.116331E+04
 0.176872E-01, 0.116331E+04
 0.178715E-01, 0.116331E+04
 0.180557E-01, 0.116331E+04
 0.182400E-01, 0.116331E+04
 0.184242E-01, 0.116331E+04
 0.186085E-01, 0.116331E+04
 0.187927E-01, 0.116331E+04
 0.189769E-01, 0.116331E+04
 0.191612E-01, 0.116331E+04
 0.193454E-01, 0.116331E+04
 0.195297E-01, 0.116331E+04
 0.197139E-01, 0.116331E+04
 0.198981E-01, 0.116331E+04
 0.200824E-01, 0.116331E+04
 0.202666E-01, 0.116276E+04
 0.204509E-01, 0.116276E+04
 0.206351E-01, 0.116276E+04
 0.208194E-01, 0.116276E+04
 0.210036E-01, 0.116276E+04
 0.211878E-01, 0.116276E+04
 0.213721E-01, 0.116276E+04
 0.215563E-01, 0.116276E+04
 0.217406E-01, 0.116276E+04
 0.219248E-01, 0.116276E+04
 0.221091E-01, 0.116276E+04
 0.222933E-01, 0.116276E+04
 0.224775E-01, 0.116276E+04
 0.226618E-01, 0.116276E+04
 0.228460E-01, 0.116276E+04
 0.230303E-01, 0.116276E+04
 0.232145E-01, 0.116276E+04
 0.233987E-01, 0.116221E+04
 0.235830E-01, 0.116221E+04
 0.237672E-01, 0.116221E+04
 0.239515E-01, 0.116221E+04
 0.241357E-01, 0.116221E+04
 0.243200E-01, 0.116221E+04
 0.245042E-01, 0.116221E+04
 0.246884E-01, 0.116221E+04
 0.248727E-01, 0.116221E+04
 0.250569E-01, 0.116221E+04
 0.252412E-01, 0.116221E+04
 0.254254E-01, 0.116221E+04
 0.256097E-01, 0.116221E+04
 0.257939E-01, 0.116221E+04
 0.259781E-01, 0.116221E+04
 0.261624E-01, 0.116166E+04
 0.263466E-01, 0.116166E+04
 0.265309E-01, 0.116166E+04
 0.267151E-01, 0.116166E+04
 0.268993E-01, 0.116166E+04
 0.270836E-01, 0.116166E+04
 0.272678E-01, 0.116166E+04
 0.274521E-01, 0.116166E+04
 0.276363E-01, 0.116166E+04
 0.278206E-01, 0.116166E+04
 0.280048E-01, 0.116166E+04
 0.281890E-01, 0.116166E+04
 0.283733E-01, 0.116166E+04
 0.285575E-01, 0.116166E+04
 0.287418E-01, 0.116111E+04
 0.289260E-01, 0.116111E+04
 0.291103E-01, 0.116111E+04
 0.292945E-01, 0.116111E+04
 0.294787E-01, 0.116111E+04
 0.296630E-01, 0.116111E+04
 0.298472E-01, 0.116111E+04
 0.300315E-01, 0.116111E+04
 0.302157E-01, 0.116111E+04
 0.303999E-01, 0.116111E+04
 0.305842E-01, 0.116111E+04
 0.307684E-01, 0.116111E+04
 0.309527E-01, 0.116056E+04
 0.311369E-01, 0.116056E+04
 0.313212E-01, 0.116056E+04
 0.315054E-01, 0.116056E+04
 0.316896E-01, 0.116056E+04
 0.318739E-01, 0.116056E+04
 0.320581E-01, 0.116056E+04
 0.322424E-01, 0.116056E+04
 0.324266E-01, 0.116056E+04
 0.326109E-01, 0.116056E+04
 0.327951E-01, 0.116056E+04
 0.329793E-01, 0.116056E+04
 0.331636E-01, 0.116001E+04
 0.333478E-01, 0.116001E+04
 0.335321E-01, 0.116001E+04
 0.337163E-01, 0.116001E+04
 0.339006E-01, 0.116001E+04
 0.340848E-01, 0.116001E+04
 0.342690E-01, 0.116001E+04
 0.344533E-01, 0.116001E+04
 0.346375E-01, 0.116001E+04
 0.348218E-01, 0.116001E+04
 0.350060E-01, 0.116001E+04
 0.351902E-01, 0.115945E+04
 0.353745E-01, 0.115945E+04
 0.355587E-01, 0.115945E+04
 0.357430E-01, 0.115945E+04
 0.359272E-01, 0.115945E+04
 0.361115E-01, 0.115945E+04
 0.362957E-01, 0.115945E+04
 0.364799E-01, 0.115945E+04
 0.366642E-01, 0.115945E+04
 0.368484E-01, 0.115945E+04
 0.370327E-01, 0.115890E+04
 0.372169E-01, 0.115890E+04
 0.374012E-01, 0.115890E+04
 0.375854E-01, 0.115890E+04
 0.377696E-01, 0.115890E+04
 0.379539E-01, 0.115890E+04
 0.381381E-01, 0.115890E+04
 0.383224E-01, 0.115890E+04
 0.385066E-01, 0.115890E+04
 0.386908E-01, 0.115890E+04
 0.388751E-01, 0.115835E+04
 0.390593E-01, 0.115835E+04
 0.392436E-01, 0.115835E+04
 0.394278E-01, 0.115835E+04
 0.396121E-01, 0.115835E+04
 0.397963E-01, 0.115835E+04
 0.399805E-01, 0.115835E+04
 0.401648E-01, 0.115835E+04
 0.403490E-01, 0.115835E+04
 0.405333E-01, 0.115780E+04
 0.407175E-01, 0.115780E+04
 0.409018E-01, 0.115780E+04
 0.410860E-01, 0.115780E+04
 0.412702E-01, 0.115780E+04
 0.414545E-01, 0.115780E+04
 0.416387E-01, 0.115780E+04
 0.418230E-01, 0.115780E+04
 0.420072E-01, 0.115780E+04
 0.421914E-01, 0.115725E+04
 0.423757E-01, 0.115725E+04
 0.425599E-01, 0.115725E+04
 0.427442E-01, 0.115725E+04
 0.429284E-01, 0.115725E+04
 0.431127E-01, 0.115725E+04
 0.432969E-01, 0.115725E+04
 0.434811E-01, 0.115725E+04
 0.436654E-01, 0.115725E+04
 0.438496E-01, 0.115670E+04
 0.440339E-01, 0.115670E+04
 0.442181E-01, 0.115670E+04
 0.444024E-01, 0.115670E+04
 0.445866E-01, 0.115670E+04
 0.447708E-01, 0.115670E+04
 0.449551E-01, 0.115670E+04
 0.451393E-01, 0.115670E+04
 0.453236E-01, 0.115614E+04
 0.455078E-01, 0.115614E+04
 0.456920E-01, 0.115614E+04
 0.458763E-01, 0.115614E+04
 0.460605E-01, 0.115614E+04
 0.462448E-01, 0.115614E+04
 0.464290E-01, 0.115614E+04
 0.466133E-01, 0.115614E+04
 0.467975E-01, 0.115559E+04
 0.469817E-01, 0.115559E+04
 0.471660E-01, 0.115559E+04
 0.473502E-01, 0.115559E+04
 0.475345E-01, 0.115559E+04
 0.477187E-01, 0.115559E+04
 0.479030E-01, 0.115559E+04
 0.480872E-01, 0.115559E+04
 0.482714E-01, 0.115504E+04
 0.484557E-01, 0.115504E+04
 0.486399E-01, 0.115504E+04
 0.488242E-01, 0.115504E+04
 0.490084E-01, 0.115504E+04
 0.491926E-01, 0.115504E+04
 0.493769E-01, 0.115504E+04
 0.495611E-01, 0.115449E+04
 0.497454E-01, 0.115449E+04
 0.499296E-01, 0.115449E+04
 0.501139E-01, 0.115449E+04
 0.502981E-01, 0.115449E+04
 0.504823E-01, 0.115449E+04
 0.506666E-01, 0.115449E+04
 0.508508E-01, 0.115449E+04
 0.510351E-01, 0.115394E+04
 0.512193E-01, 0.115394E+04
 0.514036E-01, 0.115394E+04
 0.515878E-01, 0.115394E+04
 0.517720E-01, 0.115394E+04
 0.519563E-01, 0.115394E+04
 0.521405E-01, 0.115394E+04
 0.523248E-01, 0.115339E+04
 0.525090E-01, 0.115339E+04
 0.526932E-01, 0.115339E+04
 0.528775E-01, 0.115339E+04
 0.530617E-01, 0.115339E+04
 0.532460E-01, 0.115339E+04
 0.534302E-01, 0.115339E+04
 0.536145E-01, 0.115284E+04
 0.537987E-01, 0.115284E+04
 0.539829E-01, 0.115284E+04
 0.541672E-01, 0.115284E+04
 0.543514E-01, 0.115284E+04
 0.545357E-01, 0.115284E+04
 0.547199E-01, 0.115228E+04
 0.549042E-01, 0.115228E+04
 0.550884E-01, 0.115228E+04
 0.552726E-01, 0.115228E+04
 0.554569E-01, 0.115228E+04
 0.556411E-01, 0.115228E+04
 0.558254E-01, 0.115228E+04
 0.560096E-01, 0.115173E+04
 0.561938E-01, 0.115173E+04
 0.563781E-01, 0.115173E+04
 0.565623E-01, 0.115173E+04
 0.567466E-01, 0.115173E+04
 0.569308E-01, 0.115173E+04
 0.571151E-01, 0.115173E+04
 0.572993E-01, 0.115118E+04
 0.574835E-01, 0.115118E+04
 0.576678E-01, 0.115118E+04
 0.578520E-01, 0.115118E+04
 0.580363E-01, 0.115118E+04
 0.582205E-01, 0.115118E+04
 0.584048E-01, 0.115063E+04
 0.585890E-01, 0.115063E+04
 0.587732E-01, 0.115063E+04
 0.589575E-01, 0.115063E+04
 0.591417E-01, 0.115063E+04
 0.593260E-01, 0.115063E+04
 0.595102E-01, 0.115008E+04
 0.596944E-01, 0.115008E+04
 0.598787E-01, 0.115008E+04
 0.600629E-01, 0.115008E+04
 0.602472E-01, 0.115008E+04
 0.604314E-01, 0.115008E+04
 0.606157E-01, 0.114953E+04
 0.607999E-01, 0.114953E+04
 0.609841E-01, 0.114953E+04
 0.611684E-01, 0.114953E+04
 0.613526E-01, 0.114953E+04
 0.615369E-01, 0.114953E+04
 0.617211E-01, 0.114898E+04
 0.619054E-01, 0.114898E+04
 0.620896E-01, 0.114898E+04
 0.622738E-01, 0.114898E+04
 0.624581E-01, 0.114898E+04
 0.626423E-01, 0.114898E+04
 0.628266E-01, 0.114842E+04
 0.630108E-01, 0.114842E+04
 0.631950E-01, 0.114842E+04
 0.633793E-01, 0.114842E+04
 0.635635E-01, 0.114842E+04
 0.637478E-01, 0.114842E+04
 0.639320E-01, 0.114787E+04
 0.641163E-01, 0.114787E+04
 0.643005E-01, 0.114787E+04
 0.644847E-01, 0.114787E+04
 0.646690E-01, 0.114787E+04
 0.648532E-01, 0.114787E+04
 0.650375E-01, 0.114732E+04
 0.652217E-01, 0.114732E+04
 0.654060E-01, 0.114732E+04
 0.655902E-01, 0.114732E+04
 0.657744E-01, 0.114732E+04
 0.659587E-01, 0.114677E+04
 0.661429E-01, 0.114677E+04
 0.663272E-01, 0.114677E+04
 0.665114E-01, 0.114677E+04
 0.666956E-01, 0.114677E+04
 0.668799E-01, 0.114677E+04
 0.670641E-01, 0.114622E+04
 0.672484E-01, 0.114622E+04
 0.674326E-01, 0.114622E+04
 0.676169E-01, 0.114622E+04
 0.678011E-01, 0.114622E+04
 0.679853E-01, 0.114567E+04
 0.681696E-01, 0.114567E+04
 0.683538E-01, 0.114567E+04
 0.685381E-01, 0.114567E+04
 0.687223E-01, 0.114567E+04
 0.689066E-01, 0.114512E+04
 0.690908E-01, 0.114512E+04
 0.692750E-01, 0.114512E+04
 0.694593E-01, 0.114512E+04
 0.696435E-01, 0.114512E+04
 0.698278E-01, 0.114512E+04
 0.700120E-01, 0.114456E+04
 0.701962E-01, 0.114456E+04
 0.703805E-01, 0.114456E+04
 0.705647E-01, 0.114456E+04
 0.707490E-01, 0.114456E+04
 0.709332E-01, 0.114401E+04
 0.711175E-01, 0.114401E+04
 0.713017E-01, 0.114401E+04
 0.714859E-01, 0.114401E+04
 0.716702E-01, 0.114401E+04
 0.718544E-01, 0.114346E+04
 0.720387E-01, 0.114346E+04
 0.722229E-01, 0.114346E+04
 0.724072E-01, 0.114346E+04
 0.725914E-01, 0.114346E+04
 0.727756E-01, 0.114291E+04
 0.729599E-01, 0.114291E+04
 0.731441E-01, 0.114291E+04
 0.733284E-01, 0.114291E+04
 0.735126E-01, 0.114291E+04
 0.736968E-01, 0.114236E+04
 0.738811E-01, 0.114236E+04
 0.740653E-01, 0.114236E+04
 0.742496E-01, 0.114236E+04
 0.744338E-01, 0.114236E+04
 0.746181E-01, 0.114181E+04
 0.748023E-01, 0.114181E+04
 0.749865E-01, 0.114181E+04
 0.751708E-01, 0.114181E+04
 0.753550E-01, 0.114181E+04
 0.755393E-01, 0.114126E+04
 0.757235E-01, 0.114126E+04
 0.759078E-01, 0.114126E+04
 0.760920E-01, 0.114126E+04
 0.762762E-01, 0.114126E+04
 0.764605E-01, 0.114070E+04
 0.766447E-01, 0.114070E+04
 0.768290E-01, 0.114070E+04
 0.770132E-01, 0.114070E+04
 0.771974E-01, 0.114015E+04
 0.773817E-01, 0.114015E+04
 0.775659E-01, 0.114015E+04
 0.777502E-01, 0.114015E+04
 0.779344E-01, 0.114015E+04
 0.781187E-01, 0.113960E+04
 0.783029E-01, 0.113960E+04
 0.784871E-01, 0.113960E+04
 0.786714E-01, 0.113960E+04
 0.788556E-01, 0.113960E+04
 0.790399E-01, 0.113905E+04
 0.792241E-01, 0.113905E+04
 0.794084E-01, 0.113905E+04
 0.795926E-01, 0.113905E+04
 0.797768E-01, 0.113850E+04
 0.799611E-01, 0.113850E+04
 0.801453E-01, 0.113850E+04
 0.803296E-01, 0.113850E+04
 0.805138E-01, 0.113850E+04
 0.806980E-01, 0.113795E+04
 0.808823E-01, 0.113795E+04
 0.810665E-01, 0.113795E+04
 0.812508E-01, 0.113795E+04
 0.814350E-01, 0.113740E+04
 0.816193E-01, 0.113740E+04
 0.818035E-01, 0.113740E+04
 0.819877E-01, 0.113740E+04
 0.821720E-01, 0.113740E+04
 0.823562E-01, 0.113684E+04
 0.825405E-01, 0.113684E+04
 0.827247E-01, 0.113684E+04
 0.829090E-01, 0.113684E+04
 0.830932E-01, 0.113629E+04
 0.832774E-01, 0.113629E+04
 0.834617E-01, 0.113629E+04
 0.836459E-01, 0.113629E+04
 0.838302E-01, 0.113574E+04
 0.840144E-01, 0.113574E+04
 0.841986E-01, 0.113574E+04
 0.843829E-01, 0.113574E+04
 0.845671E-01, 0.113574E+04
 0.847514E-01, 0.113519E+04
 0.849356E-01, 0.113519E+04
 0.851199E-01, 0.113519E+04
 0.853041E-01, 0.113519E+04
 0.854883E-01, 0.113464E+04
 0.856726E-01, 0.113464E+04
 0.858568E-01, 0.113464E+04
 0.860411E-01, 0.113464E+04
 0.862253E-01, 0.113409E+04
 0.864096E-01, 0.113409E+04
 0.865938E-01, 0.113409E+04
 0.867780E-01, 0.113409E+04
 0.869623E-01, 0.113354E+04
 0.871465E-01, 0.113354E+04
 0.873308E-01, 0.113354E+04
 0.875150E-01, 0.113354E+04
 0.876992E-01, 0.113354E+04
 0.878835E-01, 0.113298E+04
 0.880677E-01, 0.113298E+04
 0.882520E-01, 0.113298E+04
 0.884362E-01, 0.113298E+04
 0.886205E-01, 0.113243E+04
 0.888047E-01, 0.113243E+04
 0.889889E-01, 0.113243E+04
 0.891732E-01, 0.113243E+04
 0.893574E-01, 0.113188E+04
 0.895417E-01, 0.113188E+04
 0.897259E-01, 0.113188E+04
 0.899102E-01, 0.113188E+04
 0.900944E-01, 0.113133E+04
 0.902786E-01, 0.113133E+04
 0.904629E-01, 0.113133E+04
 0.906471E-01, 0.113133E+04
 0.908314E-01, 0.113078E+04
 0.910156E-01, 0.113078E+04
 0.911998E-01, 0.113078E+04
 0.913841E-01, 0.113078E+04
 0.915683E-01, 0.113023E+04
 0.917526E-01, 0.113023E+04
 0.919368E-01, 0.113023E+04
 0.921211E-01, 0.113023E+04
 0.923053E-01, 0.112967E+04
 0.924895E-01, 0.112967E+04
 0.926738E-01, 0.112967E+04
 0.928580E-01, 0.112912E+04
 0.930423E-01, 0.112912E+04
 0.932265E-01, 0.112912E+04
 0.934108E-01, 0.112912E+04
 0.935950E-01, 0.112857E+04
 0.937792E-01, 0.112857E+04
 0.939635E-01, 0.112857E+04
 0.941477E-01, 0.112857E+04
 0.943320E-01, 0.112802E+04
 0.945162E-01, 0.112802E+04
 0.947005E-01, 0.112802E+04
 0.948847E-01, 0.112802E+04
 0.950689E-01, 0.112747E+04
 0.952532E-01, 0.112747E+04
 0.954374E-01, 0.112747E+04
 0.956217E-01, 0.112747E+04
 0.958059E-01, 0.112692E+04
 0.959901E-01, 0.112692E+04
 0.961744E-01, 0.112692E+04
 0.963586E-01, 0.112637E+04
 0.965429E-01, 0.112637E+04
 0.967271E-01, 0.112637E+04
 0.969114E-01, 0.112637E+04
 0.970956E-01, 0.112581E+04
 0.972798E-01, 0.112581E+04
 0.974641E-01, 0.112581E+04
 0.976483E-01, 0.112581E+04
 0.978326E-01, 0.112526E+04
 0.980168E-01, 0.112526E+04
 0.982011E-01, 0.112526E+04
 0.983853E-01, 0.112526E+04
 0.985695E-01, 0.112471E+04
 0.987538E-01, 0.112471E+04
 0.989380E-01, 0.112471E+04
 0.991223E-01, 0.112416E+04
 0.993065E-01, 0.112416E+04
 0.994907E-01, 0.112416E+04
 0.996750E-01, 0.112416E+04
 0.998592E-01, 0.112361E+04
 0.100043E+00, 0.112361E+04
 0.100228E+00, 0.112361E+04
 0.100412E+00, 0.112306E+04
 0.100596E+00, 0.112306E+04
 0.100780E+00, 0.112306E+04
 0.100965E+00, 0.112306E+04
 0.101149E+00, 0.112251E+04
 0.101333E+00, 0.112251E+04
 0.101517E+00, 0.112251E+04
 0.101702E+00, 0.112195E+04
 0.101886E+00, 0.112195E+04
 0.102070E+00, 0.112195E+04
 0.102254E+00, 0.112195E+04
 0.102439E+00, 0.112140E+04
 0.102623E+00, 0.112140E+04
 0.102807E+00, 0.112140E+04
 0.102991E+00, 0.112085E+04
 0.103176E+00, 0.112085E+04
 0.103360E+00, 0.112085E+04
 0.103544E+00, 0.112085E+04
 0.103728E+00, 0.112030E+04
 0.103913E+00, 0.112030E+04
 0.104097E+00, 0.112030E+04
 0.104281E+00, 0.111975E+04
 0.104465E+00, 0.111975E+04
 0.104650E+00, 0.111975E+04
 0.104834E+00, 0.111975E+04
 0.105018E+00, 0.111920E+04
 0.105202E+00, 0.111920E+04
 0.105386E+00, 0.111920E+04
 0.105571E+00, 0.111865E+04
 0.105755E+00, 0.111865E+04
 0.105939E+00, 0.111865E+04
 0.106123E+00, 0.111865E+04
 0.106308E+00, 0.111809E+04
 0.106492E+00, 0.111809E+04
 0.106676E+00, 0.111809E+04
 0.106860E+00, 0.111754E+04
 0.107045E+00, 0.111754E+04
 0.107229E+00, 0.111754E+04
 0.107413E+00, 0.111699E+04
 0.107597E+00, 0.111699E+04
 0.107782E+00, 0.111699E+04
 0.107966E+00, 0.111644E+04
 0.108150E+00, 0.111644E+04
 0.108334E+00, 0.111644E+04
 0.108519E+00, 0.111644E+04
 0.108703E+00, 0.111589E+04
 0.108887E+00, 0.111589E+04
 0.109071E+00, 0.111589E+04
 0.109256E+00, 0.111534E+04
 0.109440E+00, 0.111534E+04
 0.109624E+00, 0.111534E+04
 0.109808E+00, 0.111479E+04
 0.109993E+00, 0.111479E+04
 0.110177E+00, 0.111479E+04
 0.110361E+00, 0.111479E+04
 0.110545E+00, 0.111423E+04
 0.110730E+00, 0.111423E+04
 0.110914E+00, 0.111423E+04
 0.111098E+00, 0.111368E+04
 0.111282E+00, 0.111368E+04
 0.111466E+00, 0.111368E+04
 0.111651E+00, 0.111313E+04
 0.111835E+00, 0.111313E+04
 0.112019E+00, 0.111313E+04
 0.112203E+00, 0.111258E+04
 0.112388E+00, 0.111258E+04
 0.112572E+00, 0.111258E+04
 0.112756E+00, 0.111203E+04
 0.112940E+00, 0.111203E+04
 0.113125E+00, 0.111203E+04
 0.113309E+00, 0.111148E+04
 0.113493E+00, 0.111148E+04
 0.113677E+00, 0.111148E+04
 0.113862E+00, 0.111148E+04
 0.114046E+00, 0.111093E+04
 0.114230E+00, 0.111093E+04
 0.114414E+00, 0.111093E+04
 0.114599E+00, 0.111037E+04
 0.114783E+00, 0.111037E+04
 0.114967E+00, 0.111037E+04
 0.115151E+00, 0.110982E+04
 0.115336E+00, 0.110982E+04
 0.115520E+00, 0.110982E+04
 0.115704E+00, 0.110927E+04
 0.115888E+00, 0.110927E+04
 0.116073E+00, 0.110927E+04
 0.116257E+00, 0.110872E+04
 0.116441E+00, 0.110872E+04
 0.116625E+00, 0.110872E+04
 0.116810E+00, 0.110817E+04
 0.116994E+00, 0.110817E+04
 0.117178E+00, 0.110817E+04
 0.117362E+00, 0.110762E+04
 0.117546E+00, 0.110762E+04
 0.117731E+00, 0.110762E+04
 0.117915E+00, 0.110707E+04
 0.118099E+00, 0.110707E+04
 0.118283E+00, 0.110707E+04
 0.118468E+00, 0.110651E+04
 0.118652E+00, 0.110651E+04
 0.118836E+00, 0.110651E+04
 0.119020E+00, 0.110596E+04
 0.119205E+00, 0.110596E+04
 0.119389E+00, 0.110596E+04
 0.119573E+00, 0.110541E+04
 0.119757E+00, 0.110541E+04
 0.119942E+00, 0.110541E+04
 0.120126E+00, 0.110486E+04
 0.120310E+00, 0.110486E+04
 0.120494E+00, 0.110486E+04
 0.120679E+00, 0.110431E+04
 0.120863E+00, 0.110431E+04
 0.121047E+00, 0.110431E+04
 0.121231E+00, 0.110376E+04
 0.121416E+00, 0.110376E+04
 0.121600E+00, 0.110376E+04
 0.121784E+00, 0.110320E+04
 0.121968E+00, 0.110320E+04
 0.122153E+00, 0.110265E+04
 0.122337E+00, 0.110265E+04
 0.122521E+00, 0.110265E+04
 0.122705E+00, 0.110210E+04
 0.122889E+00, 0.110210E+04
 0.123074E+00, 0.110210E+04
 0.123258E+00, 0.110155E+04
 0.123442E+00, 0.110155E+04
 0.123626E+00, 0.110155E+04
 0.123811E+00, 0.110100E+04
 0.123995E+00, 0.110100E+04
 0.124179E+00, 0.110100E+04
 0.124363E+00, 0.110045E+04
 0.124548E+00, 0.110045E+04
 0.124732E+00, 0.110045E+04
 0.124916E+00, 0.109990E+04
 0.125100E+00, 0.109990E+04
 0.125285E+00, 0.109934E+04
 0.125469E+00, 0.109934E+04
 0.125653E+00, 0.109934E+04
 0.125837E+00, 0.109879E+04
 0.126022E+00, 0.109879E+04
 0.126206E+00, 0.109879E+04
 0.126390E+00, 0.109824E+04
 0.126574E+00, 0.109824E+04
 0.126759E+00, 0.109824E+04
 0.126943E+00, 0.109769E+04
 0.127127E+00, 0.109769E+04
 0.127311E+00, 0.109769E+04
 0.127496E+00, 0.109714E+04
 0.127680E+00, 0.109714E+04
 0.127864E+00, 0.109659E+04
 0.128048E+00, 0.109659E+04
 0.128233E+00, 0.109659E+04
 0.128417E+00, 0.109604E+04
 0.128601E+00, 0.109604E+04
 0.128785E+00, 0.109604E+04
 0.128969E+00, 0.109548E+04
 0.129154E+00, 0.109548E+04
 0.129338E+00, 0.109493E+04
 0.129522E+00, 0.109493E+04
 0.129706E+00, 0.109493E+04
 0.129891E+00, 0.109438E+04
 0.130075E+00, 0.109438E+04
 0.130259E+00, 0.109438E+04
 0.130443E+00, 0.109383E+04
 0.130628E+00, 0.109383E+04
 0.130812E+00, 0.109328E+04
 0.130996E+00, 0.109328E+04
 0.131180E+00, 0.109328E+04
 0.131365E+00, 0.109273E+04
 0.131549E+00, 0.109273E+04
 0.131733E+00, 0.109273E+04
 0.131917E+00, 0.109218E+04
 0.132102E+00, 0.109218E+04
 0.132286E+00, 0.109162E+04
 0.132470E+00, 0.109162E+04
 0.132654E+00, 0.109162E+04
 0.132839E+00, 0.109107E+04
 0.133023E+00, 0.109107E+04
 0.133207E+00, 0.109107E+04
 0.133391E+00, 0.109052E+04
 0.133576E+00, 0.109052E+04
 0.133760E+00, 0.108997E+04
 0.133944E+00, 0.108997E+04
 0.134128E+00, 0.108997E+04
 0.134313E+00, 0.108942E+04
 0.134497E+00, 0.108942E+04
 0.134681E+00, 0.108887E+04
 0.134865E+00, 0.108887E+04
 0.135049E+00, 0.108887E+04
 0.135234E+00, 0.108832E+04
 0.135418E+00, 0.108832E+04
 0.135602E+00, 0.108832E+04
 0.135786E+00, 0.108776E+04
 0.135971E+00, 0.108776E+04
 0.136155E+00, 0.108721E+04
 0.136339E+00, 0.108721E+04
 0.136523E+00, 0.108721E+04
 0.136708E+00, 0.108666E+04
 0.136892E+00, 0.108666E+04
 0.137076E+00, 0.108611E+04
 0.137260E+00, 0.108611E+04
 0.137445E+00, 0.108611E+04
 0.137629E+00, 0.108556E+04
 0.137813E+00, 0.108556E+04
 0.137997E+00, 0.108501E+04
 0.138182E+00, 0.108501E+04
 0.138366E+00, 0.108501E+04
 0.138550E+00, 0.108446E+04
 0.138734E+00, 0.108446E+04
 0.138919E+00, 0.108390E+04
 0.139103E+00, 0.108390E+04
 0.139287E+00, 0.108390E+04
 0.139471E+00, 0.108335E+04
 0.139656E+00, 0.108335E+04
 0.139840E+00, 0.108280E+04
 0.140024E+00, 0.108280E+04
 0.140208E+00, 0.108280E+04
 0.140392E+00, 0.108225E+04
 0.140577E+00, 0.108225E+04
 0.140761E+00, 0.108170E+04
 0.140945E+00, 0.108170E+04
 0.141129E+00, 0.108170E+04
 0.141314E+00, 0.108115E+04
 0.141498E+00, 0.108115E+04
 0.141682E+00, 0.108060E+04
 0.141866E+00, 0.108060E+04
 0.142051E+00, 0.108004E+04
 0.142235E+00, 0.108004E+04
 0.142419E+00, 0.108004E+04
 0.142603E+00, 0.107949E+04
 0.142788E+00, 0.107949E+04
 0.142972E+00, 0.107894E+04
 0.143156E+00, 0.107894E+04
 0.143340E+00, 0.107894E+04
 0.143525E+00, 0.107839E+04
 0.143709E+00, 0.107839E+04
 0.143893E+00, 0.107784E+04
 0.144077E+00, 0.107784E+04
 0.144262E+00, 0.107784E+04
 0.144446E+00, 0.107729E+04
 0.144630E+00, 0.107729E+04
 0.144814E+00, 0.107673E+04
 0.144999E+00, 0.107673E+04
 0.145183E+00, 0.107618E+04
 0.145367E+00, 0.107618E+04
 0.145551E+00, 0.107618E+04
 0.145736E+00, 0.107563E+04
 0.145920E+00, 0.107563E+04
 0.146104E+00, 0.107508E+04
 0.146288E+00, 0.107508E+04
 0.146472E+00, 0.107453E+04
 0.146657E+00, 0.107453E+04
 0.146841E+00, 0.107453E+04
 0.147025E+00, 0.107398E+04
 0.147209E+00, 0.107398E+04
 0.147394E+00, 0.107343E+04
 0.147578E+00, 0.107343E+04
 0.147762E+00, 0.107287E+04
 0.147946E+00, 0.107287E+04
 0.148131E+00, 0.107287E+04
 0.148315E+00, 0.107232E+04
 0.148499E+00, 0.107232E+04
 0.148683E+00, 0.107177E+04
 0.148868E+00, 0.107177E+04
 0.149052E+00, 0.107122E+04
 0.149236E+00, 0.107122E+04
 0.149420E+00, 0.107122E+04
 0.149605E+00, 0.107067E+04
 0.149789E+00, 0.107067E+04
 0.149973E+00, 0.107012E+04
 0.150157E+00, 0.107012E+04
 0.150342E+00, 0.106957E+04
 0.150526E+00, 0.106957E+04
 0.150710E+00, 0.106901E+04
 0.150894E+00, 0.106901E+04
 0.151079E+00, 0.106901E+04
 0.151263E+00, 0.106846E+04
 0.151447E+00, 0.106846E+04
 0.151631E+00, 0.106791E+04
 0.151816E+00, 0.106791E+04
 0.152000E+00, 0.106736E+04
 0.152184E+00, 0.106736E+04
 0.152368E+00, 0.106681E+04
 0.152552E+00, 0.106681E+04
 0.152737E+00, 0.106681E+04
 0.152921E+00, 0.106626E+04
 0.153105E+00, 0.106626E+04
 0.153289E+00, 0.106571E+04
 0.153474E+00, 0.106571E+04
 0.153658E+00, 0.106515E+04
 0.153842E+00, 0.106515E+04
 0.154026E+00, 0.106460E+04
 0.154211E+00, 0.106460E+04
 0.154395E+00, 0.106405E+04
 0.154579E+00, 0.106405E+04
 0.154763E+00, 0.106405E+04
 0.154948E+00, 0.106350E+04
 0.155132E+00, 0.106350E+04
 0.155316E+00, 0.106295E+04
 0.155500E+00, 0.106295E+04
 0.155685E+00, 0.106240E+04
 0.155869E+00, 0.106240E+04
 0.156053E+00, 0.106185E+04
 0.156237E+00, 0.106185E+04
 0.156422E+00, 0.106129E+04
 0.156606E+00, 0.106129E+04
 0.156790E+00, 0.106129E+04
 0.156974E+00, 0.106074E+04
 0.157159E+00, 0.106074E+04
 0.157343E+00, 0.106019E+04
 0.157527E+00, 0.106019E+04
 0.157711E+00, 0.105964E+04
 0.157895E+00, 0.105964E+04
 0.158080E+00, 0.105909E+04
 0.158264E+00, 0.105909E+04
 0.158448E+00, 0.105854E+04
 0.158632E+00, 0.105854E+04
 0.158817E+00, 0.105799E+04
 0.159001E+00, 0.105799E+04
 0.159185E+00, 0.105743E+04
 0.159369E+00, 0.105743E+04
 0.159554E+00, 0.105743E+04
 0.159738E+00, 0.105688E+04
 0.159922E+00, 0.105688E+04
 0.160106E+00, 0.105633E+04
 0.160291E+00, 0.105633E+04
 0.160475E+00, 0.105578E+04
 0.160659E+00, 0.105578E+04
 0.160843E+00, 0.105523E+04
 0.161028E+00, 0.105523E+04
 0.161212E+00, 0.105468E+04
 0.161396E+00, 0.105468E+04
 0.161580E+00, 0.105413E+04
 0.161765E+00, 0.105413E+04
 0.161949E+00, 0.105357E+04
 0.162133E+00, 0.105357E+04
 0.162317E+00, 0.105302E+04
 0.162502E+00, 0.105302E+04
 0.162686E+00, 0.105247E+04
 0.162870E+00, 0.105247E+04
 0.163054E+00, 0.105192E+04
 0.163239E+00, 0.105192E+04
 0.163423E+00, 0.105137E+04
 0.163607E+00, 0.105137E+04
 0.163791E+00, 0.105082E+04
 0.163975E+00, 0.105082E+04
 0.164160E+00, 0.105082E+04
 0.164344E+00, 0.105027E+04
 0.164528E+00, 0.105027E+04
 0.164712E+00, 0.104971E+04
 0.164897E+00, 0.104971E+04
 0.165081E+00, 0.104916E+04
 0.165265E+00, 0.104916E+04
 0.165449E+00, 0.104861E+04
 0.165634E+00, 0.104861E+04
 0.165818E+00, 0.104806E+04
 0.166002E+00, 0.104806E+04
 0.166186E+00, 0.104751E+04
 0.166371E+00, 0.104751E+04
 0.166555E+00, 0.104696E+04
 0.166739E+00, 0.104696E+04
 0.166923E+00, 0.104640E+04
 0.167108E+00, 0.104640E+04
 0.167292E+00, 0.104585E+04
 0.167476E+00, 0.104585E+04
 0.167660E+00, 0.104530E+04
 0.167845E+00, 0.104530E+04
 0.168029E+00, 0.104475E+04
 0.168213E+00, 0.104475E+04
 0.168397E+00, 0.104420E+04
 0.168582E+00, 0.104420E+04
 0.168766E+00, 0.104365E+04
 0.168950E+00, 0.104365E+04
 0.169134E+00, 0.104310E+04
 0.169319E+00, 0.104310E+04
 0.169503E+00, 0.104254E+04
 0.169687E+00, 0.104254E+04
 0.169871E+00, 0.104199E+04
 0.170055E+00, 0.104199E+04
 0.170240E+00, 0.104144E+04
 0.170424E+00, 0.104089E+04
 0.170608E+00, 0.104089E+04
 0.170792E+00, 0.104034E+04
 0.170977E+00, 0.104034E+04
 0.171161E+00, 0.103979E+04
 0.171345E+00, 0.103979E+04
 0.171529E+00, 0.103924E+04
 0.171714E+00, 0.103924E+04
 0.171898E+00, 0.103868E+04
 0.172082E+00, 0.103868E+04
 0.172266E+00, 0.103813E+04
 0.172451E+00, 0.103813E+04
 0.172635E+00, 0.103758E+04
 0.172819E+00, 0.103758E+04
 0.173003E+00, 0.103703E+04
 0.173188E+00, 0.103703E+04
 0.173372E+00, 0.103648E+04
 0.173556E+00, 0.103648E+04
 0.173740E+00, 0.103593E+04
 0.173925E+00, 0.103593E+04
 0.174109E+00, 0.103538E+04
 0.174293E+00, 0.103538E+04
 0.174477E+00, 0.103482E+04
 0.174662E+00, 0.103482E+04
 0.174846E+00, 0.103427E+04
 0.175030E+00, 0.103372E+04
 0.175214E+00, 0.103372E+04
 0.175398E+00, 0.103317E+04
 0.175583E+00, 0.103317E+04
 0.175767E+00, 0.103262E+04
 0.175951E+00, 0.103262E+04
 0.176135E+00, 0.103207E+04
 0.176320E+00, 0.103207E+04
 0.176504E+00, 0.103152E+04
 0.176688E+00, 0.103152E+04
 0.176872E+00, 0.103096E+04
 0.177057E+00, 0.103096E+04
 0.177241E+00, 0.103041E+04
 0.177425E+00, 0.103041E+04
 0.177609E+00, 0.102986E+04
 0.177794E+00, 0.102931E+04
 0.177978E+00, 0.102931E+04
 0.178162E+00, 0.102876E+04
 0.178346E+00, 0.102876E+04
 0.178531E+00, 0.102821E+04
 0.178715E+00, 0.102821E+04
 0.178899E+00, 0.102766E+04
 0.179083E+00, 0.102766E+04
 0.179268E+00, 0.102710E+04
 0.179452E+00, 0.102710E+04
 0.179636E+00, 0.102655E+04
 0.179820E+00, 0.102600E+04
 0.180005E+00, 0.102600E+04
 0.180189E+00, 0.102545E+04
 0.180373E+00, 0.102545E+04
 0.180557E+00, 0.102490E+04
 0.180742E+00, 0.102490E+04
 0.180926E+00, 0.102435E+04
 0.181110E+00, 0.102435E+04
 0.181294E+00, 0.102380E+04
 0.181478E+00, 0.102380E+04
 0.181663E+00, 0.102324E+04
 0.181847E+00, 0.102269E+04
 0.182031E+00, 0.102269E+04
 0.182215E+00, 0.102214E+04
 0.182400E+00, 0.102214E+04
 0.182584E+00, 0.102159E+04
 0.182768E+00, 0.102159E+04
 0.182952E+00, 0.102104E+04
 0.183137E+00, 0.102104E+04
 0.183321E+00, 0.102049E+04
 0.183505E+00, 0.101993E+04
 0.183689E+00, 0.101993E+04
 0.183874E+00, 0.101938E+04
 0.184058E+00, 0.101938E+04
 0.184242E+00, 0.101883E+04
 0.184426E+00, 0.101883E+04
 0.184611E+00, 0.101828E+04
 0.184795E+00, 0.101773E+04
 0.184979E+00, 0.101773E+04
 0.185163E+00, 0.101718E+04
 0.185348E+00, 0.101718E+04
 0.185532E+00, 0.101663E+04
 0.185716E+00, 0.101663E+04
 0.185900E+00, 0.101607E+04
 0.186085E+00, 0.101552E+04
 0.186269E+00, 0.101552E+04
 0.186453E+00, 0.101497E+04
 0.186637E+00, 0.101497E+04
 0.186822E+00, 0.101442E+04
 0.187006E+00, 0.101442E+04
 0.187190E+00, 0.101387E+04
 0.187374E+00, 0.101332E+04
 0.187558E+00, 0.101332E+04
 0.187743E+00, 0.101277E+04
 0.187927E+00, 0.101277E+04
 0.188111E+00, 0.101221E+04
 0.188295E+00, 0.101221E+04
 0.188480E+00, 0.101166E+04
 0.188664E+00, 0.101111E+04
 0.188848E+00, 0.101111E+04
 0.189032E+00, 0.101056E+04
 0.189217E+00, 0.101056E+04
 0.189401E+00, 0.101001E+04
 0.189585E+00, 0.100946E+04
 0.189769E+00, 0.100946E+04
 0.189954E+00, 0.100891E+04
 0.190138E+00, 0.100891E+04
 0.190322E+00, 0.100835E+04
 0.190506E+00, 0.100835E+04
 0.190691E+00, 0.100780E+04
 0.190875E+00, 0.100725E+04
 0.191059E+00, 0.100725E+04
 0.191243E+00, 0.100670E+04
 0.191428E+00, 0.100670E+04
 0.191612E+00, 0.100615E+04
 0.191796E+00, 0.100560E+04
 0.191980E+00, 0.100560E+04
 0.192165E+00, 0.100505E+04
 0.192349E+00, 0.100505E+04
 0.192533E+00, 0.100449E+04
 0.192717E+00, 0.100394E+04
 0.192902E+00, 0.100394E+04
 0.193086E+00, 0.100339E+04
 0.193270E+00, 0.100339E+04
 0.193454E+00, 0.100284E+04
 0.193638E+00, 0.100229E+04
 0.193823E+00, 0.100229E+04
 0.194007E+00, 0.100174E+04
 0.194191E+00, 0.100174E+04
 0.194375E+00, 0.100119E+04
 0.194560E+00, 0.100063E+04
 0.194744E+00, 0.100063E+04
 0.194928E+00, 0.100008E+04
 0.195112E+00, 0.100008E+04
 0.195297E+00, 0.999531E+03
 0.195481E+00, 0.998979E+03
 0.195665E+00, 0.998979E+03
 0.195849E+00, 0.998428E+03
 0.196034E+00, 0.997877E+03
 0.196218E+00, 0.997877E+03
 0.196402E+00, 0.997325E+03
 0.196586E+00, 0.997325E+03
 0.196771E+00, 0.996774E+03
 0.196955E+00, 0.996222E+03
 0.197139E+00, 0.996222E+03
 0.197323E+00, 0.995671E+03
 0.197508E+00, 0.995671E+03
 0.197692E+00, 0.995119E+03
 0.197876E+00, 0.994568E+03
 0.198060E+00, 0.994568E+03
 0.198245E+00, 0.994016E+03
 0.198429E+00, 0.993465E+03
 0.198613E+00, 0.993465E+03
 0.198797E+00, 0.992913E+03
 0.198981E+00, 0.992913E+03
 0.199166E+00, 0.992362E+03
 0.199350E+00, 0.991811E+03
 0.199534E+00, 0.991811E+03
 0.199718E+00, 0.991259E+03
 0.199903E+00, 0.990708E+03
 0.200087E+00, 0.990708E+03
 0.200271E+00, 0.990156E+03
 0.200455E+00, 0.990156E+03
 0.200640E+00, 0.989605E+03
 0.200824E+00, 0.989053E+03
 0.201008E+00, 0.989053E+03
 0.201192E+00, 0.988502E+03
 0.201377E+00, 0.987950E+03
 0.201561E+00, 0.987950E+03
 0.201745E+00, 0.987399E+03
 0.201929E+00, 0.986847E+03
 0.202114E+00, 0.986847E+03
 0.202298E+00, 0.986296E+03
 0.202482E+00, 0.986296E+03
 0.202666E+00, 0.985744E+03
 0.202851E+00, 0.985193E+03
 0.203035E+00, 0.985193E+03
 0.203219E+00, 0.984642E+03
 0.203403E+00, 0.984090E+03
 0.203588E+00, 0.984090E+03
 0.203772E+00, 0.983539E+03
 0.203956E+00, 0.982987E+03
 0.204140E+00, 0.982987E+03
 0.204325E+00, 0.982436E+03
 0.204509E+00, 0.981884E+03
 0.204693E+00, 0.981884E+03
 0.204877E+00, 0.981333E+03
 0.205061E+00, 0.981333E+03
 0.205246E+00, 0.980781E+03
 0.205430E+00, 0.980230E+03
 0.205614E+00, 0.980230E+03
 0.205798E+00, 0.979678E+03
 0.205983E+00, 0.979127E+03
 0.206167E+00, 0.979127E+03
 0.206351E+00, 0.978576E+03
 0.206535E+00, 0.978024E+03
 0.206720E+00, 0.978024E+03
 0.206904E+00, 0.977473E+03
 0.207088E+00, 0.976921E+03
 0.207272E+00, 0.976921E+03
 0.207457E+00, 0.976370E+03
 0.207641E+00, 0.975818E+03
 0.207825E+00, 0.975818E+03
 0.208009E+00, 0.975267E+03
 0.208194E+00, 0.974715E+03
 0.208378E+00, 0.974715E+03
 0.208562E+00, 0.974164E+03
 0.208746E+00, 0.973612E+03
 0.208931E+00, 0.973612E+03
 0.209115E+00, 0.973061E+03
 0.209299E+00, 0.972510E+03
 0.209483E+00, 0.972510E+03
 0.209668E+00, 0.971958E+03
 0.209852E+00, 0.971407E+03
 0.210036E+00, 0.971407E+03
 0.210220E+00, 0.970855E+03
 0.210405E+00, 0.970304E+03
 0.210589E+00, 0.970304E+03
 0.210773E+00, 0.969752E+03
 0.210957E+00, 0.969201E+03
 0.211141E+00, 0.969201E+03
 0.211326E+00, 0.968649E+03
 0.211510E+00, 0.968098E+03
 0.211694E+00, 0.968098E+03
 0.211878E+00, 0.967546E+03
 0.212063E+00, 0.966995E+03
 0.212247E+00, 0.966995E+03
 0.212431E+00, 0.966443E+03
 0.212615E+00, 0.965892E+03
 0.212800E+00, 0.965341E+03
 0.212984E+00, 0.965341E+03
 0.213168E+00, 0.964789E+03
 0.213352E+00, 0.964238E+03
 0.213537E+00, 0.964238E+03
 0.213721E+00, 0.963686E+03
 0.213905E+00, 0.963135E+03
 0.214089E+00, 0.963135E+03
 0.214274E+00, 0.962583E+03
 0.214458E+00, 0.962032E+03
 0.214642E+00, 0.962032E+03
 0.214826E+00, 0.961480E+03
 0.215011E+00, 0.960929E+03
 0.215195E+00, 0.960377E+03
 0.215379E+00, 0.960377E+03
 0.215563E+00, 0.959826E+03
 0.215748E+00, 0.959275E+03
 0.215932E+00, 0.959275E+03
 0.216116E+00, 0.958723E+03
 0.216300E+00, 0.958172E+03
 0.216484E+00, 0.958172E+03
 0.216669E+00, 0.957620E+03
 0.216853E+00, 0.957069E+03
 0.217037E+00, 0.956517E+03
 0.217221E+00, 0.956517E+03
 0.217406E+00, 0.955966E+03
 0.217590E+00, 0.955414E+03
 0.217774E+00, 0.955414E+03
 0.217958E+00, 0.954863E+03
 0.218143E+00, 0.954311E+03
 0.218327E+00, 0.954311E+03
 0.218511E+00, 0.953760E+03
 0.218695E+00, 0.953209E+03
 0.218880E+00, 0.952657E+03
 0.219064E+00, 0.952657E+03
 0.219248E+00, 0.952106E+03
 0.219432E+00, 0.951554E+03
 0.219617E+00, 0.951554E+03
 0.219801E+00, 0.951003E+03
 0.219985E+00, 0.950451E+03
 0.220169E+00, 0.949900E+03
 0.220354E+00, 0.949900E+03
 0.220538E+00, 0.949348E+03
 0.220722E+00, 0.948797E+03
 0.220906E+00, 0.948797E+03
 0.221091E+00, 0.948245E+03
 0.221275E+00, 0.947694E+03
 0.221459E+00, 0.947142E+03
 0.221643E+00, 0.947142E+03
 0.221828E+00, 0.946591E+03
 0.222012E+00, 0.946040E+03
 0.222196E+00, 0.945488E+03
 0.222380E+00, 0.945488E+03
 0.222564E+00, 0.944937E+03
 0.222749E+00, 0.944385E+03
 0.222933E+00, 0.944385E+03
 0.223117E+00, 0.943834E+03
 0.223301E+00, 0.943282E+03
 0.223486E+00, 0.942731E+03
 0.223670E+00, 0.942731E+03
 0.223854E+00, 0.942179E+03
 0.224038E+00, 0.941628E+03
 0.224223E+00, 0.941076E+03
 0.224407E+00, 0.941076E+03
 0.224591E+00, 0.940525E+03
 0.224775E+00, 0.939974E+03
 0.224960E+00, 0.939422E+03
 0.225144E+00, 0.939422E+03
 0.225328E+00, 0.938871E+03
 0.225512E+00, 0.938319E+03
 0.225697E+00, 0.937768E+03
 0.225881E+00, 0.937768E+03
 0.226065E+00, 0.937216E+03
 0.226249E+00, 0.936665E+03
 0.226434E+00, 0.936113E+03
 0.226618E+00, 0.936113E+03
 0.226802E+00, 0.935562E+03
 0.226986E+00, 0.935010E+03
 0.227171E+00, 0.934459E+03
 0.227355E+00, 0.934459E+03
 0.227539E+00, 0.933907E+03
 0.227723E+00, 0.933356E+03
 0.227908E+00, 0.932805E+03
 0.228092E+00, 0.932805E+03
 0.228276E+00, 0.932253E+03
 0.228460E+00, 0.931702E+03
 0.228644E+00, 0.931150E+03
 0.228829E+00, 0.931150E+03
 0.229013E+00, 0.930599E+03
 0.229197E+00, 0.930047E+03
 0.229381E+00, 0.929496E+03
 0.229566E+00, 0.929496E+03
 0.229750E+00, 0.928944E+03
 0.229934E+00, 0.928393E+03
 0.230118E+00, 0.927841E+03
 0.230303E+00, 0.927290E+03
 0.230487E+00, 0.927290E+03
 0.230671E+00, 0.926739E+03
 0.230855E+00, 0.926187E+03
 0.231040E+00, 0.925636E+03
 0.231224E+00, 0.925636E+03
 0.231408E+00, 0.925084E+03
 0.231592E+00, 0.924533E+03
 0.231777E+00, 0.923981E+03
 0.231961E+00, 0.923981E+03
 0.232145E+00, 0.923430E+03
 0.232329E+00, 0.922878E+03
 0.232514E+00, 0.922327E+03
 0.232698E+00, 0.921775E+03
 0.232882E+00, 0.921775E+03
 0.233066E+00, 0.921224E+03
 0.233251E+00, 0.920673E+03
 0.233435E+00, 0.920121E+03
 0.233619E+00, 0.920121E+03
 0.233803E+00, 0.919570E+03
 0.233987E+00, 0.919018E+03
 0.234172E+00, 0.918467E+03
 0.234356E+00, 0.917915E+03
 0.234540E+00, 0.917915E+03
 0.234724E+00, 0.917364E+03
 0.234909E+00, 0.916812E+03
 0.235093E+00, 0.916261E+03
 0.235277E+00, 0.915709E+03
 0.235461E+00, 0.915709E+03
 0.235646E+00, 0.915158E+03
 0.235830E+00, 0.914606E+03
 0.236014E+00, 0.914055E+03
 0.236198E+00, 0.913504E+03
 0.236383E+00, 0.913504E+03
 0.236567E+00, 0.912952E+03
 0.236751E+00, 0.912401E+03
 0.236935E+00, 0.911849E+03
 0.237120E+00, 0.911298E+03
 0.237304E+00, 0.911298E+03
 0.237488E+00, 0.910746E+03
 0.237672E+00, 0.910195E+03
 0.237857E+00, 0.909643E+03
 0.238041E+00, 0.909092E+03
 0.238225E+00, 0.909092E+03
 0.238409E+00, 0.908540E+03
 0.238594E+00, 0.907989E+03
 0.238778E+00, 0.907438E+03
 0.238962E+00, 0.906886E+03
 0.239146E+00, 0.906886E+03
 0.239331E+00, 0.906335E+03
 0.239515E+00, 0.905783E+03
 0.239699E+00, 0.905232E+03
 0.239883E+00, 0.904680E+03
 0.240067E+00, 0.904129E+03
 0.240252E+00, 0.904129E+03
 0.240436E+00, 0.903577E+03
 0.240620E+00, 0.903026E+03
 0.240804E+00, 0.902474E+03
 0.240989E+00, 0.901923E+03
 0.241173E+00, 0.901372E+03
 0.241357E+00, 0.901372E+03
 0.241541E+00, 0.900820E+03
 0.241726E+00, 0.900269E+03
 0.241910E+00, 0.899717E+03
 0.242094E+00, 0.899166E+03
 0.242278E+00, 0.899166E+03
 0.242463E+00, 0.898614E+03
 0.242647E+00, 0.898063E+03
 0.242831E+00, 0.897511E+03
 0.243015E+00, 0.896960E+03
 0.243200E+00, 0.896408E+03
 0.243384E+00, 0.896408E+03
 0.243568E+00, 0.895857E+03
 0.243752E+00, 0.895305E+03
 0.243937E+00, 0.894754E+03
 0.244121E+00, 0.894203E+03
 0.244305E+00, 0.893651E+03
 0.244489E+00, 0.893100E+03
 0.244674E+00, 0.893100E+03
 0.244858E+00, 0.892548E+03
 0.245042E+00, 0.891997E+03
 0.245226E+00, 0.891445E+03
 0.245411E+00, 0.890894E+03
 0.245595E+00, 0.890342E+03
 0.245779E+00, 0.890342E+03
 0.245963E+00, 0.889791E+03
 0.246147E+00, 0.889239E+03
 0.246332E+00, 0.888688E+03
 0.246516E+00, 0.888137E+03
 0.246700E+00, 0.887585E+03
 0.246884E+00, 0.887034E+03
 0.247069E+00, 0.887034E+03
 0.247253E+00, 0.886482E+03
 0.247437E+00, 0.885931E+03
 0.247621E+00, 0.885379E+03
 0.247806E+00, 0.884828E+03
 0.247990E+00, 0.884276E+03
 0.248174E+00, 0.883725E+03
 0.248358E+00, 0.883725E+03
 0.248543E+00, 0.883173E+03
 0.248727E+00, 0.882622E+03
 0.248911E+00, 0.882070E+03
 0.249095E+00, 0.881519E+03
 0.249280E+00, 0.880968E+03
 0.249464E+00, 0.880416E+03
 0.249648E+00, 0.879865E+03
 0.249832E+00, 0.879865E+03
 0.250017E+00, 0.879313E+03
 0.250201E+00, 0.878762E+03
 0.250385E+00, 0.878210E+03
 0.250569E+00, 0.877659E+03
 0.250754E+00, 0.877107E+03
 0.250938E+00, 0.876556E+03
 0.251122E+00, 0.876004E+03
 0.251306E+00, 0.876004E+03
 0.251490E+00, 0.875453E+03
 0.251675E+00, 0.874902E+03
 0.251859E+00, 0.874350E+03
 0.252043E+00, 0.873799E+03
 0.252227E+00, 0.873247E+03
 0.252412E+00, 0.872696E+03
 0.252596E+00, 0.872144E+03
 0.252780E+00, 0.872144E+03
 0.252964E+00, 0.871593E+03
 0.253149E+00, 0.871041E+03
 0.253333E+00, 0.870490E+03
 0.253517E+00, 0.869938E+03
 0.253701E+00, 0.869387E+03
 0.253886E+00, 0.868836E+03
 0.254070E+00, 0.868284E+03
 0.254254E+00, 0.867733E+03
 0.254438E+00, 0.867181E+03
 0.254623E+00, 0.867181E+03
 0.254807E+00, 0.866630E+03
 0.254991E+00, 0.866078E+03
 0.255175E+00, 0.865527E+03
 0.255360E+00, 0.864975E+03
 0.255544E+00, 0.864424E+03
 0.255728E+00, 0.863872E+03
 0.255912E+00, 0.863321E+03
 0.256097E+00, 0.862769E+03
 0.256281E+00, 0.862218E+03
 0.256465E+00, 0.861667E+03
 0.256649E+00, 0.861667E+03
 0.256834E+00, 0.861115E+03
 0.257018E+00, 0.860564E+03
 0.257202E+00, 0.860012E+03
 0.257386E+00, 0.859461E+03
 0.257570E+00, 0.858909E+03
 0.257755E+00, 0.858358E+03
 0.257939E+00, 0.857806E+03
 0.258123E+00, 0.857255E+03
 0.258307E+00, 0.856703E+03
 0.258492E+00, 0.856152E+03
 0.258676E+00, 0.855601E+03
 0.258860E+00, 0.855601E+03
 0.259044E+00, 0.855049E+03
 0.259229E+00, 0.854498E+03
 0.259413E+00, 0.853946E+03
 0.259597E+00, 0.853395E+03
 0.259781E+00, 0.852843E+03
 0.259966E+00, 0.852292E+03
 0.260150E+00, 0.851740E+03
 0.260334E+00, 0.851189E+03
 0.260518E+00, 0.850637E+03
 0.260703E+00, 0.850086E+03
 0.260887E+00, 0.849535E+03
 0.261071E+00, 0.848983E+03
 0.261255E+00, 0.848432E+03
 0.261440E+00, 0.847880E+03
 0.261624E+00, 0.847880E+03
 0.261808E+00, 0.847329E+03
 0.261992E+00, 0.846777E+03
 0.262177E+00, 0.846226E+03
 0.262361E+00, 0.845674E+03
 0.262545E+00, 0.845123E+03
 0.262729E+00, 0.844571E+03
 0.262914E+00, 0.844020E+03
 0.263098E+00, 0.843468E+03
 0.263282E+00, 0.842917E+03
 0.263466E+00, 0.842366E+03
 0.263650E+00, 0.841814E+03
 0.263835E+00, 0.841263E+03
 0.264019E+00, 0.840711E+03
 0.264203E+00, 0.840160E+03
 0.264387E+00, 0.839608E+03
 0.264572E+00, 0.839057E+03
 0.264756E+00, 0.838505E+03
 0.264940E+00, 0.837954E+03
 0.265124E+00, 0.837402E+03
 0.265309E+00, 0.836851E+03
 0.265493E+00, 0.836300E+03
 0.265677E+00, 0.836300E+03
 0.265861E+00, 0.835748E+03
 0.266046E+00, 0.835197E+03
 0.266230E+00, 0.834645E+03
 0.266414E+00, 0.834094E+03
 0.266598E+00, 0.833542E+03
 0.266783E+00, 0.832991E+03
 0.266967E+00, 0.832439E+03
 0.267151E+00, 0.831888E+03
 0.267335E+00, 0.831336E+03
 0.267520E+00, 0.830785E+03
 0.267704E+00, 0.830233E+03
 0.267888E+00, 0.829682E+03
 0.268072E+00, 0.829131E+03
 0.268257E+00, 0.828579E+03
 0.268441E+00, 0.828028E+03
 0.268625E+00, 0.827476E+03
 0.268809E+00, 0.826925E+03
 0.268993E+00, 0.826373E+03
 0.269178E+00, 0.825822E+03
 0.269362E+00, 0.825270E+03
 0.269546E+00, 0.824719E+03
 0.269730E+00, 0.824167E+03
 0.269915E+00, 0.823616E+03
 0.270099E+00, 0.823065E+03
 0.270283E+00, 0.822513E+03
 0.270467E+00, 0.821962E+03
 0.270652E+00, 0.822201E+03
 0.270836E+00, 0.821933E+03
 0.271020E+00, 0.821665E+03
 0.271204E+00, 0.821397E+03
 0.271389E+00, 0.821129E+03
 0.271573E+00, 0.820862E+03
 0.271757E+00, 0.820595E+03
 0.271941E+00, 0.820328E+03
 0.272126E+00, 0.820061E+03
 0.272310E+00, 0.819794E+03
 0.272494E+00, 0.819528E+03
 0.272678E+00, 0.819261E+03
 0.272863E+00, 0.818995E+03
 0.273047E+00, 0.818729E+03
 0.273231E+00, 0.818463E+03
 0.273415E+00, 0.818198E+03
 0.273600E+00, 0.817932E+03
 0.273784E+00, 0.817667E+03
 0.273968E+00, 0.817402E+03
 0.274152E+00, 0.817137E+03
 0.274337E+00, 0.816872E+03
 0.274521E+00, 0.816608E+03
 0.274705E+00, 0.816343E+03
 0.274889E+00, 0.816079E+03
 0.275073E+00, 0.815815E+03
 0.275258E+00, 0.815551E+03
 0.275442E+00, 0.815288E+03
 0.275626E+00, 0.815024E+03
 0.275810E+00, 0.814761E+03
 0.275995E+00, 0.814498E+03
 0.276179E+00, 0.814235E+03
 0.276363E+00, 0.813972E+03
 0.276547E+00, 0.813709E+03
 0.276732E+00, 0.813447E+03
 0.276916E+00, 0.813185E+03
 0.277100E+00, 0.812922E+03
 0.277284E+00, 0.812661E+03
 0.277469E+00, 0.812399E+03
 0.277653E+00, 0.812137E+03
 0.277837E+00, 0.811876E+03
 0.278021E+00, 0.811615E+03
 0.278206E+00, 0.811354E+03
 0.278390E+00, 0.811093E+03
 0.278574E+00, 0.810832E+03
 0.278758E+00, 0.810571E+03
 0.278943E+00, 0.810311E+03
 0.279127E+00, 0.810051E+03
 0.279311E+00, 0.809791E+03
 0.279495E+00, 0.809531E+03
 0.279680E+00, 0.809271E+03
 0.279864E+00, 0.809012E+03
 0.280048E+00, 0.808752E+03
 0.280232E+00, 0.808493E+03
 0.280417E+00, 0.808234E+03
 0.280601E+00, 0.807976E+03
 0.280785E+00, 0.807717E+03
 0.280969E+00, 0.807458E+03
 0.281153E+00, 0.807200E+03
 0.281338E+00, 0.806942E+03
 0.281522E+00, 0.806684E+03
 0.281706E+00, 0.806426E+03
 0.281890E+00, 0.806169E+03
 0.282075E+00, 0.805911E+03
 0.282259E+00, 0.805654E+03
 0.282443E+00, 0.805397E+03
 0.282627E+00, 0.805140E+03
 0.282812E+00, 0.804883E+03
 0.282996E+00, 0.804626E+03
 0.283180E+00, 0.804370E+03
 0.283364E+00, 0.804113E+03
 0.283549E+00, 0.803857E+03
 0.283733E+00, 0.803601E+03
 0.283917E+00, 0.803346E+03
 0.284101E+00, 0.803090E+03
 0.284286E+00, 0.802834E+03
 0.284470E+00, 0.802579E+03
 0.284654E+00, 0.802324E+03
 0.284838E+00, 0.802069E+03
 0.285023E+00, 0.801814E+03
 0.285207E+00, 0.801560E+03
 0.285391E+00, 0.801305E+03
 0.285575E+00, 0.801051E+03
 0.285760E+00, 0.800797E+03
 0.285944E+00, 0.800543E+03
 0.286128E+00, 0.800289E+03
 0.286312E+00, 0.800035E+03
 0.286496E+00, 0.799782E+03
 0.286681E+00, 0.799528E+03
 0.286865E+00, 0.799275E+03
 0.287049E+00, 0.799022E+03
 0.287233E+00, 0.798769E+03
 0.287418E+00, 0.798517E+03
 0.287602E+00, 0.798264E+03
 0.287786E+00, 0.798012E+03
 0.287970E+00, 0.797760E+03
 0.288155E+00, 0.797508E+03
 0.288339E+00, 0.797256E+03
 0.288523E+00, 0.797004E+03
 0.288707E+00, 0.796752E+03
 0.288892E+00, 0.796501E+03
 0.289076E+00, 0.796250E+03
 0.289260E+00, 0.795999E+03
 0.289444E+00, 0.795748E+03
 0.289629E+00, 0.795497E+03
 0.289813E+00, 0.795247E+03
 0.289997E+00, 0.794996E+03
 0.290181E+00, 0.794746E+03
 0.290366E+00, 0.794496E+03
 0.290550E+00, 0.794246E+03
 0.290734E+00, 0.793996E+03
 0.290918E+00, 0.793746E+03
 0.291103E+00, 0.793497E+03
 0.291287E+00, 0.793248E+03
 0.291471E+00, 0.792998E+03
 0.291655E+00, 0.792749E+03
 0.291840E+00, 0.792501E+03
 0.292024E+00, 0.792252E+03
 0.292208E+00, 0.792003E+03
 0.292392E+00, 0.791755E+03
 0.292576E+00, 0.791507E+03
 0.292761E+00, 0.791259E+03
 0.292945E+00, 0.791011E+03
 0.293129E+00, 0.790763E+03
 0.293313E+00, 0.790515E+03
 0.293498E+00, 0.790268E+03
 0.293682E+00, 0.790021E+03
 0.293866E+00, 0.789773E+03
 0.294050E+00, 0.789527E+03
 0.294235E+00, 0.789280E+03
 0.294419E+00, 0.789033E+03
 0.294603E+00, 0.788786E+03
 0.294787E+00, 0.788540E+03
 0.294972E+00, 0.788294E+03
 0.295156E+00, 0.788048E+03
 0.295340E+00, 0.787802E+03
 0.295524E+00, 0.787556E+03
 0.295709E+00, 0.787311E+03
 0.295893E+00, 0.787065E+03
 0.296077E+00, 0.786820E+03
 0.296261E+00, 0.786575E+03
 0.296446E+00, 0.786330E+03
 0.296630E+00, 0.786085E+03
 0.296814E+00, 0.785840E+03
 0.296998E+00, 0.785596E+03
 0.297183E+00, 0.785351E+03
 0.297367E+00, 0.785107E+03
 0.297551E+00, 0.784863E+03
 0.297735E+00, 0.784619E+03
 0.297920E+00, 0.784375E+03
 0.298104E+00, 0.784132E+03
 0.298288E+00, 0.783888E+03
 0.298472E+00, 0.783645E+03
 0.298656E+00, 0.783402E+03
 0.298841E+00, 0.783159E+03
 0.299025E+00, 0.782916E+03
 0.299209E+00, 0.782673E+03
 0.299393E+00, 0.782431E+03
 0.299578E+00, 0.782188E+03
 0.299762E+00, 0.781946E+03
 0.299946E+00, 0.781704E+03
 0.300130E+00, 0.781462E+03
 0.300315E+00, 0.781220E+03
 0.300499E+00, 0.780978E+03
 0.300683E+00, 0.780737E+03
 0.300867E+00, 0.780495E+03
 0.301052E+00, 0.780254E+03
 0.301236E+00, 0.780013E+03
 0.301420E+00, 0.779772E+03
 0.301604E+00, 0.779531E+03
 0.301789E+00, 0.779291E+03
 0.301973E+00, 0.779050E+03
 0.302157E+00, 0.778810E+03
 0.302341E+00, 0.778570E+03
 0.302526E+00, 0.778330E+03
 0.302710E+00, 0.778090E+03
 0.302894E+00, 0.777850E+03
 0.303078E+00, 0.777610E+03
 0.303263E+00, 0.777371E+03
 0.303447E+00, 0.777132E+03
 0.303631E+00, 0.776892E+03
 0.303815E+00, 0.776653E+03
 0.303999E+00, 0.776414E+03
 0.304184E+00, 0.776176E+03
 0.304368E+00, 0.775937E+03
 0.304552E+00, 0.775699E+03
 0.304736E+00, 0.775460E+03
 0.304921E+00, 0.775222E+03
 0.305105E+00, 0.774984E+03
 0.305289E+00, 0.774746E+03
 0.305473E+00, 0.774508E+03
 0.305658E+00, 0.774271E+03
 0.305842E+00, 0.774033E+03
 0.306026E+00, 0.773796E+03
 0.306210E+00, 0.773559E+03
 0.306395E+00, 0.773322E+03
 0.306579E+00, 0.773085E+03
 0.306763E+00, 0.772848E+03
 0.306947E+00, 0.772612E+03
 0.307132E+00, 0.772375E+03
 0.307316E+00, 0.772139E+03
 0.307500E+00, 0.771903E+03
 0.307684E+00, 0.771667E+03
 0.307869E+00, 0.771431E+03
 0.308053E+00, 0.771195E+03
 0.308237E+00, 0.770959E+03
 0.308421E+00, 0.770724E+03
 0.308606E+00, 0.770489E+03
 0.308790E+00, 0.770253E+03
 0.308974E+00, 0.770018E+03
 0.309158E+00, 0.769784E+03
 0.309343E+00, 0.769549E+03
 0.309527E+00, 0.769314E+03
 0.309711E+00, 0.769080E+03
 0.309895E+00, 0.768845E+03
 0.310079E+00, 0.768611E+03
 0.310264E+00, 0.768377E+03
 0.310448E+00, 0.768143E+03
 0.310632E+00, 0.767909E+03
 0.310816E+00, 0.767676E+03
 0.311001E+00, 0.767442E+03
 0.311185E+00, 0.767209E+03
 0.311369E+00, 0.766976E+03
 0.311553E+00, 0.766742E+03
 0.311738E+00, 0.766509E+03
 0.311922E+00, 0.766277E+03
 0.312106E+00, 0.766044E+03
 0.312290E+00, 0.765811E+03
 0.312475E+00, 0.765476E+03
 0.312659E+00, 0.764897E+03
 0.312843E+00, 0.764319E+03
 0.313027E+00, 0.763740E+03
 0.313212E+00, 0.763162E+03
 0.313396E+00, 0.762585E+03
 0.313580E+00, 0.762007E+03
 0.313764E+00, 0.761430E+03
 0.313949E+00, 0.760854E+03
 0.314133E+00, 0.760278E+03
 0.314317E+00, 0.759702E+03
 0.314501E+00, 0.759126E+03
 0.314686E+00, 0.758551E+03
 0.314870E+00, 0.757976E+03
 0.315054E+00, 0.757401E+03
 0.315238E+00, 0.756827E+03
 0.315423E+00, 0.756253E+03
 0.315607E+00, 0.755680E+03
 0.315791E+00, 0.755106E+03
 0.315975E+00, 0.754533E+03
 0.316159E+00, 0.753961E+03
 0.316344E+00, 0.753389E+03
 0.316528E+00, 0.752817E+03
 0.316712E+00, 0.752245E+03
 0.316896E+00, 0.751674E+03
 0.317081E+00, 0.751103E+03
 0.317265E+00, 0.750533E+03
 0.317449E+00, 0.749962E+03
 0.317633E+00, 0.749392E+03
 0.317818E+00, 0.748823E+03
 0.318002E+00, 0.748254E+03
 0.318186E+00, 0.747685E+03
 0.318370E+00, 0.747116E+03
 0.318555E+00, 0.746548E+03
 0.318739E+00, 0.745980E+03
 0.318923E+00, 0.745412E+03
 0.319107E+00, 0.744845E+03
 0.319292E+00, 0.744278E+03
 0.319476E+00, 0.743711E+03
 0.319660E+00, 0.743145E+03
 0.319844E+00, 0.742579E+03
 0.320029E+00, 0.742013E+03
 0.320213E+00, 0.741448E+03
 0.320397E+00, 0.740883E+03
 0.320581E+00, 0.740319E+03
 0.320766E+00, 0.739754E+03
 0.320950E+00, 0.739190E+03
 0.321134E+00, 0.738626E+03
 0.321318E+00, 0.738063E+03
 0.321503E+00, 0.737500E+03
 0.321687E+00, 0.736937E+03
 0.321871E+00, 0.736375E+03
 0.322055E+00, 0.735813E+03
 0.322239E+00, 0.735251E+03
 0.322424E+00, 0.734690E+03
 0.322608E+00, 0.734129E+03
 0.322792E+00, 0.733568E+03
 0.322976E+00, 0.733007E+03
 0.323161E+00, 0.732447E+03
 0.323345E+00, 0.731887E+03
 0.323529E+00, 0.731328E+03
 0.323713E+00, 0.730769E+03
 0.323898E+00, 0.730210E+03
 0.324082E+00, 0.729651E+03
 0.324266E+00, 0.729093E+03
 0.324450E+00, 0.728535E+03
 0.324635E+00, 0.727977E+03
 0.324819E+00, 0.727420E+03
 0.325003E+00, 0.726863E+03
 0.325187E+00, 0.726306E+03
 0.325372E+00, 0.725750E+03
 0.325556E+00, 0.725194E+03
 0.325740E+00, 0.724638E+03
 0.325924E+00, 0.724083E+03
 0.326109E+00, 0.723528E+03
 0.326293E+00, 0.722973E+03
 0.326477E+00, 0.722418E+03
 0.326661E+00, 0.721864E+03
 0.326846E+00, 0.721310E+03
 0.327030E+00, 0.720757E+03
 0.327214E+00, 0.720204E+03
 0.327398E+00, 0.719651E+03
 0.327582E+00, 0.719098E+03
 0.327767E+00, 0.718546E+03
 0.327951E+00, 0.717994E+03
 0.328135E+00, 0.717442E+03
 0.328319E+00, 0.716891E+03
 0.328504E+00, 0.716340E+03
 0.328688E+00, 0.715789E+03
 0.328872E+00, 0.715239E+03
 0.329056E+00, 0.714689E+03
 0.329241E+00, 0.714139E+03
 0.329425E+00, 0.713589E+03
 0.329609E+00, 0.713040E+03
 0.329793E+00, 0.712491E+03
 0.329978E+00, 0.711943E+03
 0.330162E+00, 0.711394E+03
 0.330346E+00, 0.710846E+03
 0.330530E+00, 0.710299E+03
 0.330715E+00, 0.709751E+03
 0.330899E+00, 0.709204E+03
 0.331083E+00, 0.708658E+03
 0.331267E+00, 0.708111E+03
 0.331452E+00, 0.707565E+03
 0.331636E+00, 0.707019E+03
 0.331820E+00, 0.706474E+03
 0.332004E+00, 0.705928E+03
 0.332189E+00, 0.705383E+03
 0.332373E+00, 0.704839E+03
 0.332557E+00, 0.704295E+03
 0.332741E+00, 0.703750E+03
 0.332926E+00, 0.703207E+03
 0.333110E+00, 0.702663E+03
 0.333294E+00, 0.702120E+03
 0.333478E+00, 0.701577E+03
 0.333662E+00, 0.701035E+03
 0.333847E+00, 0.700493E+03
 0.334031E+00, 0.699951E+03
 0.334215E+00, 0.699409E+03
 0.334399E+00, 0.698868E+03
 0.334584E+00, 0.698327E+03
 0.334768E+00, 0.697786E+03
 0.334952E+00, 0.697246E+03
 0.335136E+00, 0.696705E+03
 0.335321E+00, 0.696166E+03
 0.335505E+00, 0.695626E+03
 0.335689E+00, 0.695087E+03
 0.335873E+00, 0.694548E+03
 0.336058E+00, 0.694009E+03
 0.336242E+00, 0.693471E+03
 0.336426E+00, 0.692933E+03
 0.336610E+00, 0.692395E+03
 0.336795E+00, 0.691858E+03
 0.336979E+00, 0.691320E+03
 0.337163E+00, 0.690783E+03
 0.337347E+00, 0.690247E+03
 0.337532E+00, 0.689711E+03
 0.337716E+00, 0.689175E+03
 0.337900E+00, 0.688639E+03
 0.338084E+00, 0.688103E+03
 0.338269E+00, 0.687568E+03
 0.338453E+00, 0.687033E+03
 0.338637E+00, 0.686499E+03
 0.338821E+00, 0.685965E+03
 0.339006E+00, 0.685431E+03
 0.339190E+00, 0.684897E+03
 0.339374E+00, 0.684364E+03
 0.339558E+00, 0.683830E+03
 0.339742E+00, 0.683298E+03
 0.339927E+00, 0.682765E+03
 0.340111E+00, 0.682233E+03
 0.340295E+00, 0.681701E+03
 0.340479E+00, 0.681169E+03
 0.340664E+00, 0.680638E+03
 0.340848E+00, 0.680107E+03
 0.341032E+00, 0.679576E+03
 0.341216E+00, 0.679046E+03
 0.341401E+00, 0.678515E+03
 0.341585E+00, 0.677985E+03
 0.341769E+00, 0.677456E+03
 0.341953E+00, 0.676926E+03
 0.342138E+00, 0.676397E+03
 0.342322E+00, 0.675869E+03
 0.342506E+00, 0.675340E+03
 0.342690E+00, 0.674812E+03
 0.342875E+00, 0.674284E+03
 0.343059E+00, 0.673756E+03
 0.343243E+00, 0.673229E+03
 0.343427E+00, 0.672702E+03
 0.343612E+00, 0.672175E+03
 0.343796E+00, 0.671648E+03
 0.343980E+00, 0.671122E+03
 0.344164E+00, 0.670596E+03
 0.344349E+00, 0.670070E+03
 0.344533E+00, 0.669545E+03
 0.344717E+00, 0.669020E+03
 0.344901E+00, 0.668495E+03
 0.345085E+00, 0.667971E+03
 0.345270E+00, 0.667446E+03
 0.345454E+00, 0.666922E+03
 0.345638E+00, 0.666399E+03
 0.345822E+00, 0.665875E+03
 0.346007E+00, 0.665352E+03
 0.346191E+00, 0.664829E+03
 0.346375E+00, 0.664306E+03
 0.346559E+00, 0.663784E+03
 0.346744E+00, 0.663262E+03
 0.346928E+00, 0.662740E+03
 0.347112E+00, 0.662219E+03
 0.347296E+00, 0.661698E+03
 0.347481E+00, 0.661177E+03
 0.347665E+00, 0.660656E+03
 0.347849E+00, 0.660136E+03
 0.348033E+00, 0.659615E+03
 0.348218E+00, 0.659096E+03
 0.348402E+00, 0.658576E+03
 0.348586E+00, 0.658057E+03
 0.348770E+00, 0.657538E+03
 0.348955E+00, 0.657019E+03
 0.349139E+00, 0.656501E+03
 0.349323E+00, 0.655982E+03
 0.349507E+00, 0.655464E+03
 0.349692E+00, 0.654947E+03
 0.349876E+00, 0.654429E+03
 0.350060E+00, 0.653912E+03
 0.350244E+00, 0.653395E+03
 0.350429E+00, 0.652879E+03
 0.350613E+00, 0.652363E+03
 0.350797E+00, 0.651847E+03
 0.350981E+00, 0.651331E+03
 0.351165E+00, 0.650815E+03
 0.351350E+00, 0.650300E+03
 0.351534E+00, 0.649785E+03
 0.351718E+00, 0.649271E+03
 0.351902E+00, 0.648756E+03
 0.352087E+00, 0.648242E+03
 0.352271E+00, 0.647728E+03
 0.352455E+00, 0.647215E+03
 0.352639E+00, 0.646701E+03
 0.352824E+00, 0.646188E+03
 0.353008E+00, 0.645675E+03
 0.353192E+00, 0.645163E+03
 0.353376E+00, 0.644651E+03
 0.353561E+00, 0.644139E+03
 0.353745E+00, 0.643627E+03
 0.353929E+00, 0.643116E+03
 0.354113E+00, 0.642604E+03
 0.354298E+00, 0.642093E+03
 0.354482E+00, 0.641583E+03
 0.354666E+00, 0.641072E+03
 0.354850E+00, 0.640562E+03
 0.355035E+00, 0.640052E+03
 0.355219E+00, 0.639543E+03
 0.355403E+00, 0.639034E+03
 0.355587E+00, 0.638524E+03
 0.355772E+00, 0.638016E+03
 0.355956E+00, 0.637507E+03
 0.356140E+00, 0.636999E+03
 0.356324E+00, 0.636491E+03
 0.356509E+00, 0.635983E+03
 0.356693E+00, 0.635476E+03
 0.356877E+00, 0.634968E+03
 0.357061E+00, 0.634461E+03
 0.357245E+00, 0.633955E+03
 0.357430E+00, 0.633448E+03
 0.357614E+00, 0.632942E+03
 0.357798E+00, 0.632436E+03
 0.357982E+00, 0.631931E+03
 0.358167E+00, 0.631425E+03
 0.358351E+00, 0.630920E+03
 0.358535E+00, 0.630415E+03
 0.358719E+00, 0.629911E+03
 0.358904E+00, 0.629406E+03
 0.359088E+00, 0.628902E+03
 0.359272E+00, 0.628398E+03
 0.359456E+00, 0.627895E+03
 0.359641E+00, 0.627391E+03
 0.359825E+00, 0.626888E+03
 0.360009E+00, 0.626385E+03
 0.360193E+00, 0.625883E+03
 0.360378E+00, 0.625381E+03
 0.360562E+00, 0.624879E+03
 0.360746E+00, 0.624377E+03
 0.360930E+00, 0.623875E+03
 0.361115E+00, 0.623374E+03
 0.361299E+00, 0.622873E+03
 0.361483E+00, 0.622372E+03
 0.361667E+00, 0.621872E+03
 0.361852E+00, 0.621371E+03
 0.362036E+00, 0.620871E+03
 0.362220E+00, 0.620372E+03
 0.362404E+00, 0.619872E+03
 0.362588E+00, 0.619373E+03
 0.362773E+00, 0.618874E+03
 0.362957E+00, 0.618375E+03
 0.363141E+00, 0.617877E+03
 0.363325E+00, 0.617379E+03
 0.363510E+00, 0.616881E+03
 0.363694E+00, 0.616383E+03
 0.363878E+00, 0.615885E+03
 0.364062E+00, 0.615388E+03
 0.364247E+00, 0.614891E+03
 0.364431E+00, 0.614395E+03
 0.364615E+00, 0.613898E+03
 0.364799E+00, 0.613402E+03
 0.364984E+00, 0.612906E+03
 0.365168E+00, 0.612410E+03
 0.365352E+00, 0.611915E+03
 0.365536E+00, 0.611420E+03
 0.365721E+00, 0.610925E+03
 0.365905E+00, 0.610430E+03
 0.366089E+00, 0.609936E+03
 0.366273E+00, 0.609441E+03
 0.366458E+00, 0.608947E+03
 0.366642E+00, 0.608454E+03
 0.366826E+00, 0.607960E+03
 0.367010E+00, 0.607467E+03
 0.367195E+00, 0.606974E+03
 0.367379E+00, 0.606481E+03
 0.367563E+00, 0.605989E+03
 0.367747E+00, 0.605497E+03
 0.367932E+00, 0.605005E+03
 0.368116E+00, 0.604513E+03
 0.368300E+00, 0.604021E+03
