T,lef_fuel,lef_steel
0.400000E+03,0.121920E-02,0.121310E-02
0.400801E+03,0.123100E-02,0.122185E-02
0.401602E+03,0.124279E-02,0.123061E-02
0.402402E+03,0.125459E-02,0.123938E-02
0.403203E+03,0.126640E-02,0.124816E-02
0.404004E+03,0.127820E-02,0.125694E-02
0.404805E+03,0.129001E-02,0.126573E-02
0.405606E+03,0.130181E-02,0.127452E-02
0.406406E+03,0.131362E-02,0.128333E-02
0.407207E+03,0.132544E-02,0.129213E-02
0.408008E+03,0.133725E-02,0.130095E-02
0.408809E+03,0.134907E-02,0.130977E-02
0.409610E+03,0.136089E-02,0.131859E-02
0.410410E+03,0.137272E-02,0.132743E-02
0.411211E+03,0.138455E-02,0.133627E-02
0.412012E+03,0.139638E-02,0.134511E-02
0.412813E+03,0.140821E-02,0.135396E-02
0.413614E+03,0.142005E-02,0.136282E-02
0.414414E+03,0.143189E-02,0.137169E-02
0.415215E+03,0.144374E-02,0.138056E-02
0.416016E+03,0.145559E-02,0.138943E-02
0.416817E+03,0.146744E-02,0.139832E-02
0.417618E+03,0.147930E-02,0.140721E-02
0.418418E+03,0.149116E-02,0.141610E-02
0.419219E+03,0.150303E-02,0.142500E-02
0.420020E+03,0.151490E-02,0.143391E-02
0.420821E+03,0.152678E-02,0.144283E-02
0.421622E+03,0.153866E-02,0.145175E-02
0.422422E+03,0.155055E-02,0.146067E-02
0.423223E+03,0.156244E-02,0.146961E-02
0.424024E+03,0.157434E-02,0.147855E-02
0.424825E+03,0.158624E-02,0.148749E-02
0.425626E+03,0.159815E-02,0.149645E-02
0.426426E+03,0.161007E-02,0.150540E-02
0.427227E+03,0.162199E-02,0.151437E-02
0.428028E+03,0.163391E-02,0.152334E-02
0.428829E+03,0.164585E-02,0.153231E-02
0.429630E+03,0.165779E-02,0.154130E-02
0.430430E+03,0.166973E-02,0.155029E-02
0.431231E+03,0.168169E-02,0.155928E-02
0.432032E+03,0.169364E-02,0.156828E-02
0.432833E+03,0.170561E-02,0.157729E-02
0.433634E+03,0.171758E-02,0.158630E-02
0.434434E+03,0.172956E-02,0.159532E-02
0.435235E+03,0.174155E-02,0.160435E-02
0.436036E+03,0.175355E-02,0.161338E-02
0.436837E+03,0.176555E-02,0.162242E-02
0.437638E+03,0.177756E-02,0.163146E-02
0.438438E+03,0.178958E-02,0.164051E-02
0.439239E+03,0.180160E-02,0.164957E-02
0.440040E+03,0.181364E-02,0.165863E-02
0.440841E+03,0.182568E-02,0.166770E-02
0.441642E+03,0.183773E-02,0.167677E-02
0.442442E+03,0.184979E-02,0.168585E-02
0.443243E+03,0.186185E-02,0.169494E-02
0.444044E+03,0.187393E-02,0.170403E-02
0.444845E+03,0.188602E-02,0.171313E-02
0.445646E+03,0.189811E-02,0.172223E-02
0.446446E+03,0.191021E-02,0.173134E-02
0.447247E+03,0.192233E-02,0.174046E-02
0.448048E+03,0.193445E-02,0.174958E-02
0.448849E+03,0.194658E-02,0.175871E-02
0.449650E+03,0.195872E-02,0.176784E-02
0.450450E+03,0.197087E-02,0.177698E-02
0.451251E+03,0.198304E-02,0.178613E-02
0.452052E+03,0.199521E-02,0.179528E-02
0.452853E+03,0.200739E-02,0.180444E-02
0.453654E+03,0.201958E-02,0.181360E-02
0.454454E+03,0.203178E-02,0.182277E-02
0.455255E+03,0.204400E-02,0.183195E-02
0.456056E+03,0.205622E-02,0.184113E-02
0.456857E+03,0.206846E-02,0.185031E-02
0.457658E+03,0.208070E-02,0.185951E-02
0.458458E+03,0.209296E-02,0.186871E-02
0.459259E+03,0.210523E-02,0.187791E-02
0.460060E+03,0.211751E-02,0.188712E-02
0.460861E+03,0.212980E-02,0.189634E-02
0.461662E+03,0.214210E-02,0.190556E-02
0.462462E+03,0.215442E-02,0.191479E-02
0.463263E+03,0.216675E-02,0.192402E-02
0.464064E+03,0.217909E-02,0.193326E-02
0.464865E+03,0.219144E-02,0.194251E-02
0.465666E+03,0.220380E-02,0.195176E-02
0.466466E+03,0.221618E-02,0.196102E-02
0.467267E+03,0.222857E-02,0.197028E-02
0.468068E+03,0.224097E-02,0.197955E-02
0.468869E+03,0.225338E-02,0.198882E-02
0.469670E+03,0.226581E-02,0.199810E-02
0.470470E+03,0.227825E-02,0.200739E-02
0.471271E+03,0.229071E-02,0.201668E-02
0.472072E+03,0.230318E-02,0.202598E-02
0.472873E+03,0.231566E-02,0.203528E-02
0.473674E+03,0.232816E-02,0.204459E-02
0.474474E+03,0.234067E-02,0.205390E-02
0.475275E+03,0.235319E-02,0.206322E-02
0.476076E+03,0.236573E-02,0.207255E-02
0.476877E+03,0.237828E-02,0.208188E-02
0.477678E+03,0.239085E-02,0.209122E-02
0.478478E+03,0.240343E-02,0.210056E-02
0.479279E+03,0.241602E-02,0.210991E-02
0.480080E+03,0.242863E-02,0.211927E-02
0.480881E+03,0.244126E-02,0.212863E-02
0.481682E+03,0.245390E-02,0.213799E-02
0.482482E+03,0.246656E-02,0.214736E-02
0.483283E+03,0.247923E-02,0.215674E-02
0.484084E+03,0.249192E-02,0.216612E-02
0.484885E+03,0.250462E-02,0.217551E-02
0.485686E+03,0.251734E-02,0.218490E-02
0.486486E+03,0.253007E-02,0.219430E-02
0.487287E+03,0.254282E-02,0.220371E-02
0.488088E+03,0.255559E-02,0.221312E-02
0.488889E+03,0.256837E-02,0.222253E-02
0.489690E+03,0.258117E-02,0.223195E-02
0.490490E+03,0.259399E-02,0.224138E-02
0.491291E+03,0.260682E-02,0.225081E-02
0.492092E+03,0.261967E-02,0.226025E-02
0.492893E+03,0.263254E-02,0.226970E-02
0.493694E+03,0.264542E-02,0.227915E-02
0.494494E+03,0.265832E-02,0.228860E-02
0.495295E+03,0.267124E-02,0.229806E-02
0.496096E+03,0.268418E-02,0.230753E-02
0.496897E+03,0.269713E-02,0.231700E-02
0.497698E+03,0.271011E-02,0.232647E-02
0.498498E+03,0.272310E-02,0.233596E-02
0.499299E+03,0.273610E-02,0.234544E-02
0.500100E+03,0.274913E-02,0.235494E-02
0.500901E+03,0.276217E-02,0.236444E-02
0.501702E+03,0.277524E-02,0.237394E-02
0.502503E+03,0.278832E-02,0.238345E-02
0.503303E+03,0.280142E-02,0.239296E-02
0.504104E+03,0.281454E-02,0.240248E-02
0.504905E+03,0.282768E-02,0.241201E-02
0.505706E+03,0.284083E-02,0.242154E-02
0.506507E+03,0.285401E-02,0.243108E-02
0.507307E+03,0.286721E-02,0.244062E-02
0.508108E+03,0.288042E-02,0.245017E-02
0.508909E+03,0.289366E-02,0.245972E-02
0.509710E+03,0.290691E-02,0.246928E-02
0.510511E+03,0.292019E-02,0.247884E-02
0.511311E+03,0.293349E-02,0.248841E-02
0.512112E+03,0.294680E-02,0.249798E-02
0.512913E+03,0.296014E-02,0.250756E-02
0.513714E+03,0.297350E-02,0.251715E-02
0.514515E+03,0.298687E-02,0.252674E-02
0.515315E+03,0.300027E-02,0.253633E-02
0.516116E+03,0.301369E-02,0.254593E-02
0.516917E+03,0.302713E-02,0.255554E-02
0.517718E+03,0.304059E-02,0.256515E-02
0.518519E+03,0.305408E-02,0.257476E-02
0.519319E+03,0.306758E-02,0.258439E-02
0.520120E+03,0.308111E-02,0.259401E-02
0.520921E+03,0.309465E-02,0.260364E-02
0.521722E+03,0.310822E-02,0.261328E-02
0.522523E+03,0.312181E-02,0.262292E-02
0.523323E+03,0.313543E-02,0.263257E-02
0.524124E+03,0.314906E-02,0.264223E-02
0.524925E+03,0.316272E-02,0.265188E-02
0.525726E+03,0.317640E-02,0.266155E-02
0.526527E+03,0.319011E-02,0.267122E-02
0.527327E+03,0.320383E-02,0.268089E-02
0.528128E+03,0.321758E-02,0.269057E-02
0.528929E+03,0.323136E-02,0.270025E-02
0.529730E+03,0.324515E-02,0.270994E-02
0.530531E+03,0.325897E-02,0.271964E-02
0.531331E+03,0.327282E-02,0.272934E-02
0.532132E+03,0.328668E-02,0.273904E-02
0.532933E+03,0.330057E-02,0.274875E-02
0.533734E+03,0.331449E-02,0.275846E-02
0.534535E+03,0.332842E-02,0.276818E-02
0.535335E+03,0.334239E-02,0.277791E-02
0.536136E+03,0.335637E-02,0.278764E-02
0.536937E+03,0.337038E-02,0.279738E-02
0.537738E+03,0.338442E-02,0.280712E-02
0.538539E+03,0.339848E-02,0.281686E-02
0.539339E+03,0.341257E-02,0.282661E-02
0.540140E+03,0.342668E-02,0.283637E-02
0.540941E+03,0.344081E-02,0.284613E-02
0.541742E+03,0.345497E-02,0.285589E-02
0.542543E+03,0.346916E-02,0.286567E-02
0.543343E+03,0.348337E-02,0.287544E-02
0.544144E+03,0.349761E-02,0.288522E-02
0.544945E+03,0.351187E-02,0.289501E-02
0.545746E+03,0.352616E-02,0.290480E-02
0.546547E+03,0.354048E-02,0.291459E-02
0.547347E+03,0.355482E-02,0.292439E-02
0.548148E+03,0.356919E-02,0.293420E-02
0.548949E+03,0.358358E-02,0.294401E-02
0.549750E+03,0.359800E-02,0.295383E-02
0.550551E+03,0.361245E-02,0.296365E-02
0.551351E+03,0.362692E-02,0.297347E-02
0.552152E+03,0.364142E-02,0.298330E-02
0.552953E+03,0.365595E-02,0.299314E-02
0.553754E+03,0.367051E-02,0.300298E-02
0.554555E+03,0.368509E-02,0.301283E-02
0.555355E+03,0.369970E-02,0.302268E-02
0.556156E+03,0.371434E-02,0.303253E-02
0.556957E+03,0.372901E-02,0.304239E-02
0.557758E+03,0.374370E-02,0.305226E-02
0.558559E+03,0.375843E-02,0.306212E-02
0.559359E+03,0.377318E-02,0.307200E-02
0.560160E+03,0.378796E-02,0.308188E-02
0.560961E+03,0.380276E-02,0.309176E-02
0.561762E+03,0.381760E-02,0.310165E-02
0.562563E+03,0.383247E-02,0.311155E-02
0.563363E+03,0.384736E-02,0.312145E-02
0.564164E+03,0.386228E-02,0.313135E-02
0.564965E+03,0.387724E-02,0.314126E-02
0.565766E+03,0.389222E-02,0.315117E-02
0.566567E+03,0.390723E-02,0.316109E-02
0.567367E+03,0.392227E-02,0.317101E-02
0.568168E+03,0.393734E-02,0.318094E-02
0.568969E+03,0.395244E-02,0.319087E-02
0.569770E+03,0.396757E-02,0.320081E-02
0.570571E+03,0.398273E-02,0.321075E-02
0.571371E+03,0.399792E-02,0.322070E-02
0.572172E+03,0.401314E-02,0.323065E-02
0.572973E+03,0.402840E-02,0.324061E-02
0.573774E+03,0.404368E-02,0.325057E-02
0.574575E+03,0.405899E-02,0.326053E-02
0.575375E+03,0.407434E-02,0.327050E-02
0.576176E+03,0.408971E-02,0.328048E-02
0.576977E+03,0.410512E-02,0.329046E-02
0.577778E+03,0.412056E-02,0.330044E-02
0.578579E+03,0.413602E-02,0.331043E-02
0.579379E+03,0.415153E-02,0.332042E-02
0.580180E+03,0.416706E-02,0.333042E-02
0.580981E+03,0.418262E-02,0.334042E-02
0.581782E+03,0.419822E-02,0.335043E-02
0.582583E+03,0.421385E-02,0.336044E-02
0.583383E+03,0.422951E-02,0.337046E-02
0.584184E+03,0.424520E-02,0.338048E-02
0.584985E+03,0.426093E-02,0.339051E-02
0.585786E+03,0.427669E-02,0.340054E-02
0.586587E+03,0.429248E-02,0.341058E-02
0.587387E+03,0.430831E-02,0.342062E-02
0.588188E+03,0.432416E-02,0.343066E-02
0.588989E+03,0.434005E-02,0.344071E-02
0.589790E+03,0.435598E-02,0.345076E-02
0.590591E+03,0.437194E-02,0.346082E-02
0.591391E+03,0.438793E-02,0.347088E-02
0.592192E+03,0.440395E-02,0.348095E-02
0.592993E+03,0.442001E-02,0.349102E-02
0.593794E+03,0.443611E-02,0.350110E-02
0.594595E+03,0.445223E-02,0.351118E-02
0.595395E+03,0.446840E-02,0.352127E-02
0.596196E+03,0.448459E-02,0.353136E-02
0.596997E+03,0.450082E-02,0.354145E-02
0.597798E+03,0.451709E-02,0.355155E-02
0.598599E+03,0.453339E-02,0.356165E-02
0.599399E+03,0.454973E-02,0.357176E-02
0.600200E+03,0.456610E-02,0.358187E-02
0.601001E+03,0.458250E-02,0.359199E-02
0.601802E+03,0.459894E-02,0.360211E-02
0.602603E+03,0.461542E-02,0.361224E-02
0.603403E+03,0.463193E-02,0.362237E-02
0.604204E+03,0.464848E-02,0.363250E-02
0.605005E+03,0.466507E-02,0.364264E-02
0.605806E+03,0.468169E-02,0.365278E-02
0.606607E+03,0.469834E-02,0.366293E-02
0.607407E+03,0.471504E-02,0.367308E-02
0.608208E+03,0.473177E-02,0.368324E-02
0.609009E+03,0.474853E-02,0.369340E-02
0.609810E+03,0.476534E-02,0.370357E-02
0.610611E+03,0.478218E-02,0.371373E-02
0.611411E+03,0.479905E-02,0.372391E-02
0.612212E+03,0.481597E-02,0.373409E-02
0.613013E+03,0.483292E-02,0.374427E-02
0.613814E+03,0.484991E-02,0.375446E-02
0.614615E+03,0.486693E-02,0.376465E-02
0.615415E+03,0.488400E-02,0.377484E-02
0.616216E+03,0.490110E-02,0.378504E-02
0.617017E+03,0.491824E-02,0.379525E-02
0.617818E+03,0.493542E-02,0.380546E-02
0.618619E+03,0.495263E-02,0.381567E-02
0.619419E+03,0.496989E-02,0.382589E-02
0.620220E+03,0.498718E-02,0.383611E-02
0.621021E+03,0.500451E-02,0.384633E-02
0.621822E+03,0.502189E-02,0.385656E-02
0.622623E+03,0.503930E-02,0.386680E-02
0.623423E+03,0.505674E-02,0.387703E-02
0.624224E+03,0.507423E-02,0.388728E-02
0.625025E+03,0.509176E-02,0.389752E-02
0.625826E+03,0.510933E-02,0.390777E-02
0.626627E+03,0.512693E-02,0.391803E-02
0.627427E+03,0.514458E-02,0.392829E-02
0.628228E+03,0.516226E-02,0.393855E-02
0.629029E+03,0.517999E-02,0.394882E-02
0.629830E+03,0.519776E-02,0.395909E-02
0.630631E+03,0.521556E-02,0.396937E-02
0.631431E+03,0.523341E-02,0.397965E-02
0.632232E+03,0.525130E-02,0.398993E-02
0.633033E+03,0.526923E-02,0.400022E-02
0.633834E+03,0.528719E-02,0.401051E-02
0.634635E+03,0.530520E-02,0.402081E-02
0.635435E+03,0.532326E-02,0.403111E-02
0.636236E+03,0.534135E-02,0.404142E-02
0.637037E+03,0.535948E-02,0.405172E-02
0.637838E+03,0.537766E-02,0.406204E-02
0.638639E+03,0.539587E-02,0.407235E-02
0.639439E+03,0.541413E-02,0.408268E-02
0.640240E+03,0.543243E-02,0.409300E-02
0.641041E+03,0.545077E-02,0.410333E-02
0.641842E+03,0.546916E-02,0.411366E-02
0.642643E+03,0.548759E-02,0.412400E-02
0.643443E+03,0.550606E-02,0.413434E-02
0.644244E+03,0.552457E-02,0.414469E-02
0.645045E+03,0.554312E-02,0.415504E-02
0.645846E+03,0.556172E-02,0.416539E-02
0.646647E+03,0.558036E-02,0.417575E-02
0.647447E+03,0.559904E-02,0.418611E-02
0.648248E+03,0.561777E-02,0.419648E-02
0.649049E+03,0.563654E-02,0.420684E-02
0.649850E+03,0.565536E-02,0.421722E-02
0.650651E+03,0.567421E-02,0.422760E-02
0.651451E+03,0.569311E-02,0.423798E-02
0.652252E+03,0.571206E-02,0.424836E-02
0.653053E+03,0.573105E-02,0.425875E-02
0.653854E+03,0.575008E-02,0.426914E-02
0.654655E+03,0.576916E-02,0.427954E-02
0.655455E+03,0.578828E-02,0.428994E-02
0.656256E+03,0.580745E-02,0.430035E-02
0.657057E+03,0.582666E-02,0.431076E-02
0.657858E+03,0.584592E-02,0.432117E-02
0.658659E+03,0.586522E-02,0.433159E-02
0.659459E+03,0.588457E-02,0.434201E-02
0.660260E+03,0.590396E-02,0.435243E-02
0.661061E+03,0.592340E-02,0.436286E-02
0.661862E+03,0.594288E-02,0.437329E-02
0.662663E+03,0.596241E-02,0.438373E-02
0.663463E+03,0.598198E-02,0.439417E-02
0.664264E+03,0.600160E-02,0.440461E-02
0.665065E+03,0.602127E-02,0.441506E-02
0.665866E+03,0.604098E-02,0.442551E-02
0.666667E+03,0.606074E-02,0.443596E-02
0.667467E+03,0.608055E-02,0.444642E-02
0.668268E+03,0.610040E-02,0.445688E-02
0.669069E+03,0.612030E-02,0.446735E-02
0.669870E+03,0.614024E-02,0.447782E-02
0.670671E+03,0.616024E-02,0.448829E-02
0.671471E+03,0.618028E-02,0.449877E-02
0.672272E+03,0.620037E-02,0.450925E-02
0.673073E+03,0.622050E-02,0.451974E-02
0.673874E+03,0.624068E-02,0.453023E-02
0.674675E+03,0.626091E-02,0.454072E-02
0.675475E+03,0.628119E-02,0.455122E-02
0.676276E+03,0.630152E-02,0.456172E-02
0.677077E+03,0.632189E-02,0.457222E-02
0.677878E+03,0.634231E-02,0.458273E-02
0.678679E+03,0.636279E-02,0.459324E-02
0.679479E+03,0.638331E-02,0.460375E-02
0.680280E+03,0.640387E-02,0.461427E-02
0.681081E+03,0.642449E-02,0.462479E-02
0.681882E+03,0.644516E-02,0.463532E-02
0.682683E+03,0.646587E-02,0.464585E-02
0.683483E+03,0.648664E-02,0.465638E-02
0.684284E+03,0.650745E-02,0.466692E-02
0.685085E+03,0.652831E-02,0.467746E-02
0.685886E+03,0.654922E-02,0.468800E-02
0.686687E+03,0.657019E-02,0.469855E-02
0.687487E+03,0.659120E-02,0.470910E-02
0.688288E+03,0.661226E-02,0.471966E-02
0.689089E+03,0.663337E-02,0.473021E-02
0.689890E+03,0.665454E-02,0.474078E-02
0.690691E+03,0.667575E-02,0.475134E-02
0.691491E+03,0.669701E-02,0.476191E-02
0.692292E+03,0.671833E-02,0.477248E-02
0.693093E+03,0.673969E-02,0.478306E-02
0.693894E+03,0.676111E-02,0.479364E-02
0.694695E+03,0.678258E-02,0.480422E-02
0.695495E+03,0.680410E-02,0.481481E-02
0.696296E+03,0.682567E-02,0.482540E-02
0.697097E+03,0.684729E-02,0.483599E-02
0.697898E+03,0.686896E-02,0.484659E-02
0.698699E+03,0.689069E-02,0.485719E-02
0.699499E+03,0.691246E-02,0.486779E-02
0.700300E+03,0.693429E-02,0.487840E-02
0.701101E+03,0.695617E-02,0.488901E-02
0.701902E+03,0.697811E-02,0.489963E-02
0.702703E+03,0.700009E-02,0.491024E-02
0.703504E+03,0.702213E-02,0.492086E-02
0.704304E+03,0.704422E-02,0.493149E-02
0.705105E+03,0.706637E-02,0.494212E-02
0.705906E+03,0.708856E-02,0.495275E-02
0.706707E+03,0.711081E-02,0.496338E-02
0.707508E+03,0.713312E-02,0.497402E-02
0.708308E+03,0.715547E-02,0.498466E-02
0.709109E+03,0.717788E-02,0.499531E-02
0.709910E+03,0.720035E-02,0.500596E-02
0.710711E+03,0.722287E-02,0.501661E-02
0.711512E+03,0.724544E-02,0.502727E-02
0.712312E+03,0.726806E-02,0.503792E-02
0.713113E+03,0.729074E-02,0.504859E-02
0.713914E+03,0.731348E-02,0.505925E-02
0.714715E+03,0.733627E-02,0.506992E-02
0.715516E+03,0.735911E-02,0.508059E-02
0.716316E+03,0.738201E-02,0.509127E-02
0.717117E+03,0.740496E-02,0.510195E-02
0.717918E+03,0.742797E-02,0.511263E-02
0.718719E+03,0.745103E-02,0.512331E-02
0.719520E+03,0.747415E-02,0.513400E-02
0.720320E+03,0.749733E-02,0.514469E-02
0.721121E+03,0.752056E-02,0.515539E-02
0.721922E+03,0.754384E-02,0.516609E-02
0.722723E+03,0.756718E-02,0.517679E-02
0.723524E+03,0.759058E-02,0.518749E-02
0.724324E+03,0.761403E-02,0.519820E-02
0.725125E+03,0.763754E-02,0.520891E-02
0.725926E+03,0.766111E-02,0.521963E-02
0.726727E+03,0.768473E-02,0.523034E-02
0.727528E+03,0.770841E-02,0.524106E-02
0.728328E+03,0.773215E-02,0.525179E-02
0.729129E+03,0.775594E-02,0.526251E-02
0.729930E+03,0.777979E-02,0.527325E-02
0.730731E+03,0.780370E-02,0.528398E-02
0.731532E+03,0.782766E-02,0.529472E-02
0.732332E+03,0.785168E-02,0.530545E-02
0.733133E+03,0.787576E-02,0.531620E-02
0.733934E+03,0.789990E-02,0.532694E-02
0.734735E+03,0.792410E-02,0.533769E-02
0.735536E+03,0.794835E-02,0.534845E-02
0.736336E+03,0.797266E-02,0.535920E-02
0.737137E+03,0.799703E-02,0.536996E-02
0.737938E+03,0.802146E-02,0.538072E-02
0.738739E+03,0.804594E-02,0.539149E-02
0.739540E+03,0.807049E-02,0.540225E-02
0.740340E+03,0.809509E-02,0.541302E-02
0.741141E+03,0.811976E-02,0.542380E-02
0.741942E+03,0.814448E-02,0.543458E-02
0.742743E+03,0.816926E-02,0.544536E-02
0.743544E+03,0.819410E-02,0.545614E-02
0.744344E+03,0.821900E-02,0.546692E-02
0.745145E+03,0.824396E-02,0.547771E-02
0.745946E+03,0.826898E-02,0.548851E-02
0.746747E+03,0.829406E-02,0.549930E-02
0.747548E+03,0.831920E-02,0.551010E-02
0.748348E+03,0.834440E-02,0.552090E-02
0.749149E+03,0.836966E-02,0.553170E-02
0.749950E+03,0.839498E-02,0.554251E-02
0.750751E+03,0.842036E-02,0.555332E-02
0.751552E+03,0.844580E-02,0.556414E-02
0.752352E+03,0.847130E-02,0.557495E-02
0.753153E+03,0.849687E-02,0.558577E-02
0.753954E+03,0.852249E-02,0.559659E-02
0.754755E+03,0.854818E-02,0.560742E-02
0.755556E+03,0.857392E-02,0.561824E-02
0.756356E+03,0.859973E-02,0.562908E-02
0.757157E+03,0.862560E-02,0.563991E-02
0.757958E+03,0.865153E-02,0.565075E-02
0.758759E+03,0.867753E-02,0.566158E-02
0.759560E+03,0.870359E-02,0.567243E-02
0.760360E+03,0.872970E-02,0.568327E-02
0.761161E+03,0.875588E-02,0.569412E-02
0.761962E+03,0.878213E-02,0.570497E-02
0.762763E+03,0.880843E-02,0.571582E-02
0.763564E+03,0.883480E-02,0.572668E-02
0.764364E+03,0.886123E-02,0.573754E-02
0.765165E+03,0.888773E-02,0.574840E-02
0.765966E+03,0.891428E-02,0.575927E-02
0.766767E+03,0.894091E-02,0.577014E-02
0.767568E+03,0.896759E-02,0.578101E-02
0.768368E+03,0.899434E-02,0.579188E-02
0.769169E+03,0.902115E-02,0.580276E-02
0.769970E+03,0.904802E-02,0.581363E-02
0.770771E+03,0.907496E-02,0.582452E-02
0.771572E+03,0.910197E-02,0.583540E-02
0.772372E+03,0.912903E-02,0.584629E-02
0.773173E+03,0.915617E-02,0.585718E-02
0.773974E+03,0.918336E-02,0.586807E-02
0.774775E+03,0.921062E-02,0.587897E-02
0.775576E+03,0.923795E-02,0.588987E-02
0.776376E+03,0.926534E-02,0.590077E-02
0.777177E+03,0.929279E-02,0.591167E-02
0.777978E+03,0.932032E-02,0.592258E-02
0.778779E+03,0.934790E-02,0.593348E-02
0.779580E+03,0.937555E-02,0.594440E-02
0.780380E+03,0.940327E-02,0.595531E-02
0.781181E+03,0.943105E-02,0.596623E-02
0.781982E+03,0.945890E-02,0.597715E-02
0.782783E+03,0.948682E-02,0.598807E-02
0.783584E+03,0.951480E-02,0.599900E-02
0.784384E+03,0.954284E-02,0.600992E-02
0.785185E+03,0.957096E-02,0.602085E-02
0.785986E+03,0.959914E-02,0.603179E-02
0.786787E+03,0.962739E-02,0.604272E-02
0.787588E+03,0.965570E-02,0.605366E-02
0.788388E+03,0.968408E-02,0.606460E-02
0.789189E+03,0.971253E-02,0.607554E-02
0.789990E+03,0.974104E-02,0.608649E-02
0.790791E+03,0.976962E-02,0.609744E-02
0.791592E+03,0.979827E-02,0.610839E-02
0.792392E+03,0.982699E-02,0.611934E-02
0.793193E+03,0.985577E-02,0.613030E-02
0.793994E+03,0.988463E-02,0.614126E-02
0.794795E+03,0.991355E-02,0.615222E-02
0.795596E+03,0.994254E-02,0.616318E-02
0.796396E+03,0.997159E-02,0.617415E-02
0.797197E+03,0.100007E-01,0.618512E-02
0.797998E+03,0.100299E-01,0.619609E-02
0.798799E+03,0.100592E-01,0.620706E-02
0.799600E+03,0.100885E-01,0.621804E-02
0.800400E+03,0.101179E-01,0.622902E-02
0.801201E+03,0.101474E-01,0.624000E-02
0.802002E+03,0.101769E-01,0.625098E-02
0.802803E+03,0.102065E-01,0.626197E-02
0.803604E+03,0.102362E-01,0.627296E-02
0.804404E+03,0.102660E-01,0.628395E-02
0.805205E+03,0.102958E-01,0.629494E-02
0.806006E+03,0.103257E-01,0.630594E-02
0.806807E+03,0.103556E-01,0.631694E-02
0.807608E+03,0.103856E-01,0.632794E-02
0.808408E+03,0.104157E-01,0.633894E-02
0.809209E+03,0.104459E-01,0.634994E-02
0.810010E+03,0.104761E-01,0.636095E-02
0.810811E+03,0.105065E-01,0.637196E-02
0.811612E+03,0.105368E-01,0.638298E-02
0.812412E+03,0.105673E-01,0.639399E-02
0.813213E+03,0.105978E-01,0.640501E-02
0.814014E+03,0.106284E-01,0.641603E-02
0.814815E+03,0.106591E-01,0.642705E-02
0.815616E+03,0.106898E-01,0.643807E-02
0.816416E+03,0.107206E-01,0.644910E-02
0.817217E+03,0.107515E-01,0.646013E-02
0.818018E+03,0.107824E-01,0.647116E-02
0.818819E+03,0.108135E-01,0.648219E-02
0.819620E+03,0.108446E-01,0.649323E-02
0.820420E+03,0.108757E-01,0.650427E-02
0.821221E+03,0.109070E-01,0.651531E-02
0.822022E+03,0.109383E-01,0.652635E-02
0.822823E+03,0.109697E-01,0.653740E-02
0.823624E+03,0.110011E-01,0.654844E-02
0.824424E+03,0.110327E-01,0.655949E-02
0.825225E+03,0.110643E-01,0.657054E-02
0.826026E+03,0.110959E-01,0.658160E-02
0.826827E+03,0.111277E-01,0.659265E-02
0.827628E+03,0.111595E-01,0.660371E-02
0.828428E+03,0.111914E-01,0.661477E-02
0.829229E+03,0.112234E-01,0.662583E-02
0.830030E+03,0.112554E-01,0.663690E-02
0.830831E+03,0.112876E-01,0.664797E-02
0.831632E+03,0.113198E-01,0.665904E-02
0.832432E+03,0.113520E-01,0.667011E-02
0.833233E+03,0.113844E-01,0.668118E-02
0.834034E+03,0.114168E-01,0.669226E-02
0.834835E+03,0.114493E-01,0.670333E-02
0.835636E+03,0.114819E-01,0.671441E-02
0.836436E+03,0.115145E-01,0.672550E-02
0.837237E+03,0.115472E-01,0.673658E-02
0.838038E+03,0.115800E-01,0.674767E-02
0.838839E+03,0.116129E-01,0.675875E-02
0.839640E+03,0.116458E-01,0.676984E-02
0.840440E+03,0.116789E-01,0.678094E-02
0.841241E+03,0.117119E-01,0.679203E-02
0.842042E+03,0.117451E-01,0.680313E-02
0.842843E+03,0.117784E-01,0.681423E-02
0.843644E+03,0.118117E-01,0.682533E-02
0.844444E+03,0.118451E-01,0.683643E-02
0.845245E+03,0.118786E-01,0.684754E-02
0.846046E+03,0.119121E-01,0.685864E-02
0.846847E+03,0.119458E-01,0.686975E-02
0.847648E+03,0.119795E-01,0.688086E-02
0.848448E+03,0.120133E-01,0.689197E-02
0.849249E+03,0.120471E-01,0.690309E-02
0.850050E+03,0.120811E-01,0.691421E-02
0.850851E+03,0.121151E-01,0.692533E-02
0.851652E+03,0.121492E-01,0.693645E-02
0.852452E+03,0.121833E-01,0.694757E-02
0.853253E+03,0.122176E-01,0.695869E-02
0.854054E+03,0.122519E-01,0.696982E-02
0.854855E+03,0.122863E-01,0.698095E-02
0.855656E+03,0.123208E-01,0.699208E-02
0.856456E+03,0.123554E-01,0.700321E-02
0.857257E+03,0.123900E-01,0.701435E-02
0.858058E+03,0.124247E-01,0.702548E-02
0.858859E+03,0.124595E-01,0.703662E-02
0.859660E+03,0.124944E-01,0.704776E-02
0.860460E+03,0.125294E-01,0.705890E-02
0.861261E+03,0.125644E-01,0.707005E-02
0.862062E+03,0.125995E-01,0.708119E-02
0.862863E+03,0.126347E-01,0.709234E-02
0.863664E+03,0.126700E-01,0.710349E-02
0.864464E+03,0.127054E-01,0.711464E-02
0.865265E+03,0.127408E-01,0.712579E-02
0.866066E+03,0.127763E-01,0.713695E-02
0.866867E+03,0.128119E-01,0.714810E-02
0.867668E+03,0.128476E-01,0.715926E-02
0.868468E+03,0.128833E-01,0.717042E-02
0.869269E+03,0.129192E-01,0.718159E-02
0.870070E+03,0.129551E-01,0.719275E-02
0.870871E+03,0.129911E-01,0.720391E-02
0.871672E+03,0.130272E-01,0.721508E-02
0.872472E+03,0.130633E-01,0.722625E-02
0.873273E+03,0.130996E-01,0.723742E-02
0.874074E+03,0.131359E-01,0.724860E-02
0.874875E+03,0.131723E-01,0.725977E-02
0.875676E+03,0.132088E-01,0.727095E-02
0.876476E+03,0.132454E-01,0.728212E-02
0.877277E+03,0.132820E-01,0.729330E-02
0.878078E+03,0.133188E-01,0.730448E-02
0.878879E+03,0.133556E-01,0.731567E-02
0.879680E+03,0.133925E-01,0.732685E-02
0.880480E+03,0.134294E-01,0.733804E-02
0.881281E+03,0.134665E-01,0.734923E-02
0.882082E+03,0.135036E-01,0.736042E-02
0.882883E+03,0.135409E-01,0.737161E-02
0.883684E+03,0.135782E-01,0.738280E-02
0.884484E+03,0.136156E-01,0.739400E-02
0.885285E+03,0.136531E-01,0.740519E-02
0.886086E+03,0.136906E-01,0.741639E-02
0.886887E+03,0.137283E-01,0.742759E-02
0.887688E+03,0.137660E-01,0.743879E-02
0.888488E+03,0.138038E-01,0.744999E-02
0.889289E+03,0.138417E-01,0.746120E-02
0.890090E+03,0.138797E-01,0.747240E-02
0.890891E+03,0.139177E-01,0.748361E-02
0.891692E+03,0.139559E-01,0.749482E-02
0.892492E+03,0.139941E-01,0.750603E-02
0.893293E+03,0.140324E-01,0.751724E-02
0.894094E+03,0.140708E-01,0.752846E-02
0.894895E+03,0.141093E-01,0.753967E-02
0.895696E+03,0.141479E-01,0.755089E-02
0.896496E+03,0.141866E-01,0.756211E-02
0.897297E+03,0.142253E-01,0.757333E-02
0.898098E+03,0.142641E-01,0.758455E-02
0.898899E+03,0.143031E-01,0.759577E-02
0.899700E+03,0.143421E-01,0.760700E-02
0.900501E+03,0.143811E-01,0.761822E-02
0.901301E+03,0.144203E-01,0.762945E-02
0.902102E+03,0.144596E-01,0.764068E-02
0.902903E+03,0.144989E-01,0.765191E-02
0.903704E+03,0.145383E-01,0.766314E-02
0.904505E+03,0.145779E-01,0.767437E-02
0.905305E+03,0.146175E-01,0.768561E-02
0.906106E+03,0.146572E-01,0.769684E-02
0.906907E+03,0.146969E-01,0.770808E-02
0.907708E+03,0.147368E-01,0.771932E-02
0.908509E+03,0.147767E-01,0.773056E-02
0.909309E+03,0.148168E-01,0.774180E-02
0.910110E+03,0.148569E-01,0.775305E-02
0.910911E+03,0.148971E-01,0.776429E-02
0.911712E+03,0.149374E-01,0.777554E-02
0.912513E+03,0.149778E-01,0.778678E-02
0.913313E+03,0.150183E-01,0.779803E-02
0.914114E+03,0.150589E-01,0.780928E-02
0.914915E+03,0.150995E-01,0.782053E-02
0.915716E+03,0.151403E-01,0.783179E-02
0.916517E+03,0.151811E-01,0.784304E-02
0.917317E+03,0.152220E-01,0.785430E-02
0.918118E+03,0.152630E-01,0.786555E-02
0.918919E+03,0.153041E-01,0.787681E-02
0.919720E+03,0.153453E-01,0.788807E-02
0.920521E+03,0.153866E-01,0.789933E-02
0.921321E+03,0.154280E-01,0.791059E-02
0.922122E+03,0.154694E-01,0.792185E-02
0.922923E+03,0.155110E-01,0.793312E-02
0.923724E+03,0.188956E-01,0.794438E-02
0.924525E+03,0.189357E-01,0.795565E-02
0.925325E+03,0.189758E-01,0.796692E-02
0.926126E+03,0.190156E-01,0.797819E-02
0.926927E+03,0.190553E-01,0.798946E-02
0.927728E+03,0.190949E-01,0.800073E-02
0.928529E+03,0.191343E-01,0.801200E-02
0.929329E+03,0.191736E-01,0.802328E-02
0.930130E+03,0.192126E-01,0.803455E-02
0.930931E+03,0.192516E-01,0.804583E-02
0.931732E+03,0.192904E-01,0.805711E-02
0.932533E+03,0.193290E-01,0.806839E-02
0.933333E+03,0.193675E-01,0.807967E-02
0.934134E+03,0.194058E-01,0.809095E-02
0.934935E+03,0.194440E-01,0.810223E-02
0.935736E+03,0.194820E-01,0.811351E-02
0.936537E+03,0.195198E-01,0.812480E-02
0.937337E+03,0.195576E-01,0.813608E-02
0.938138E+03,0.195951E-01,0.814737E-02
0.938939E+03,0.196325E-01,0.815866E-02
0.939740E+03,0.196698E-01,0.816995E-02
0.940541E+03,0.197069E-01,0.818124E-02
0.941341E+03,0.197439E-01,0.819253E-02
0.942142E+03,0.197807E-01,0.820382E-02
0.942943E+03,0.198174E-01,0.821511E-02
0.943744E+03,0.198539E-01,0.822641E-02
0.944545E+03,0.198903E-01,0.823770E-02
0.945345E+03,0.199265E-01,0.824900E-02
0.946146E+03,0.199626E-01,0.826030E-02
0.946947E+03,0.199986E-01,0.827159E-02
0.947748E+03,0.200344E-01,0.828289E-02
0.948549E+03,0.200700E-01,0.829419E-02
0.949349E+03,0.201055E-01,0.830550E-02
0.950150E+03,0.201409E-01,0.831680E-02
0.950951E+03,0.201761E-01,0.832810E-02
0.951752E+03,0.202112E-01,0.833941E-02
0.952553E+03,0.202461E-01,0.835071E-02
0.953353E+03,0.202809E-01,0.836202E-02
0.954154E+03,0.203156E-01,0.837333E-02
0.954955E+03,0.203501E-01,0.838463E-02
0.955756E+03,0.203845E-01,0.839594E-02
0.956557E+03,0.204187E-01,0.840725E-02
0.957357E+03,0.204528E-01,0.841856E-02
0.958158E+03,0.204868E-01,0.842988E-02
0.958959E+03,0.205206E-01,0.844119E-02
0.959760E+03,0.205543E-01,0.845250E-02
0.960561E+03,0.205878E-01,0.846382E-02
0.961361E+03,0.206212E-01,0.847513E-02
0.962162E+03,0.206545E-01,0.848645E-02
0.962963E+03,0.206877E-01,0.849777E-02
0.963764E+03,0.207207E-01,0.850909E-02
0.964565E+03,0.207535E-01,0.852040E-02
0.965365E+03,0.207863E-01,0.853172E-02
0.966166E+03,0.208188E-01,0.854305E-02
0.966967E+03,0.208513E-01,0.855437E-02
0.967768E+03,0.208836E-01,0.856569E-02
0.968569E+03,0.209158E-01,0.857701E-02
0.969369E+03,0.209479E-01,0.858834E-02
0.970170E+03,0.209798E-01,0.859966E-02
0.970971E+03,0.210117E-01,0.861099E-02
0.971772E+03,0.210433E-01,0.862231E-02
0.972573E+03,0.210749E-01,0.863364E-02
0.973373E+03,0.211063E-01,0.864497E-02
0.974174E+03,0.211376E-01,0.865630E-02
0.974975E+03,0.211687E-01,0.866763E-02
0.975776E+03,0.211997E-01,0.867896E-02
0.976577E+03,0.212306E-01,0.869029E-02
0.977377E+03,0.212614E-01,0.870162E-02
0.978178E+03,0.212921E-01,0.871295E-02
0.978979E+03,0.213226E-01,0.872428E-02
0.979780E+03,0.213530E-01,0.873562E-02
0.980581E+03,0.213832E-01,0.874695E-02
0.981381E+03,0.214134E-01,0.875829E-02
0.982182E+03,0.214434E-01,0.876962E-02
0.982983E+03,0.214733E-01,0.878096E-02
0.983784E+03,0.215031E-01,0.879230E-02
0.984585E+03,0.215327E-01,0.880363E-02
0.985385E+03,0.215622E-01,0.881497E-02
0.986186E+03,0.215916E-01,0.882631E-02
0.986987E+03,0.216209E-01,0.883765E-02
0.987788E+03,0.216501E-01,0.884899E-02
0.988589E+03,0.216791E-01,0.886033E-02
0.989389E+03,0.217080E-01,0.887167E-02
0.990190E+03,0.217368E-01,0.888301E-02
0.990991E+03,0.217655E-01,0.889436E-02
0.991792E+03,0.217940E-01,0.890570E-02
0.992593E+03,0.218225E-01,0.891704E-02
0.993393E+03,0.218508E-01,0.892839E-02
0.994194E+03,0.218790E-01,0.893973E-02
0.994995E+03,0.219071E-01,0.895108E-02
0.995796E+03,0.219351E-01,0.896242E-02
0.996597E+03,0.219629E-01,0.897377E-02
0.997397E+03,0.219906E-01,0.898512E-02
0.998198E+03,0.220183E-01,0.899647E-02
0.998999E+03,0.220458E-01,0.900781E-02
0.999800E+03,0.220732E-01,0.901916E-02
0.100060E+04,0.221004E-01,0.903051E-02
0.100140E+04,0.221276E-01,0.904186E-02
0.100220E+04,0.221547E-01,0.905321E-02
0.100300E+04,0.221816E-01,0.906456E-02
0.100380E+04,0.222084E-01,0.907591E-02
0.100460E+04,0.222352E-01,0.908726E-02
0.100541E+04,0.222618E-01,0.909862E-02
0.100621E+04,0.222883E-01,0.910997E-02
0.100701E+04,0.223146E-01,0.912132E-02
0.100781E+04,0.223409E-01,0.913267E-02
0.100861E+04,0.223671E-01,0.914403E-02
0.100941E+04,0.223931E-01,0.915538E-02
0.101021E+04,0.224191E-01,0.916674E-02
0.101101E+04,0.224449E-01,0.917809E-02
0.101181E+04,0.224707E-01,0.918945E-02
0.101261E+04,0.224963E-01,0.920080E-02
0.101341E+04,0.225218E-01,0.921216E-02
0.101421E+04,0.225472E-01,0.922351E-02
0.101502E+04,0.225725E-01,0.923487E-02
0.101582E+04,0.225977E-01,0.924623E-02
0.101662E+04,0.226228E-01,0.925758E-02
0.101742E+04,0.226478E-01,0.926894E-02
0.101822E+04,0.226727E-01,0.928030E-02
0.101902E+04,0.226975E-01,0.929166E-02
0.101982E+04,0.227222E-01,0.930302E-02
0.102062E+04,0.227468E-01,0.931438E-02
0.102142E+04,0.227713E-01,0.932573E-02
0.102222E+04,0.227956E-01,0.933709E-02
0.102302E+04,0.228199E-01,0.934845E-02
0.102382E+04,0.228441E-01,0.935981E-02
0.102462E+04,0.228682E-01,0.937117E-02
0.102543E+04,0.228922E-01,0.938253E-02
0.102623E+04,0.229160E-01,0.939390E-02
0.102703E+04,0.229398E-01,0.940526E-02
0.102783E+04,0.229635E-01,0.941662E-02
0.102863E+04,0.229871E-01,0.942798E-02
0.102943E+04,0.230106E-01,0.943934E-02
0.103023E+04,0.230340E-01,0.945070E-02
0.103103E+04,0.230573E-01,0.946206E-02
0.103183E+04,0.230805E-01,0.947343E-02
0.103263E+04,0.231036E-01,0.948479E-02
0.103343E+04,0.231266E-01,0.949615E-02
0.103423E+04,0.231495E-01,0.950751E-02
0.103504E+04,0.231723E-01,0.951888E-02
0.103584E+04,0.231951E-01,0.953024E-02
0.103664E+04,0.232177E-01,0.954160E-02
0.103744E+04,0.232403E-01,0.955296E-02
0.103824E+04,0.232627E-01,0.956433E-02
0.103904E+04,0.232851E-01,0.957569E-02
0.103984E+04,0.233074E-01,0.958706E-02
0.104064E+04,0.233295E-01,0.959842E-02
0.104144E+04,0.233516E-01,0.960978E-02
0.104224E+04,0.233736E-01,0.962115E-02
0.104304E+04,0.233955E-01,0.963251E-02
0.104384E+04,0.234174E-01,0.964387E-02
0.104464E+04,0.234391E-01,0.965524E-02
0.104545E+04,0.234607E-01,0.966660E-02
0.104625E+04,0.234823E-01,0.967797E-02
0.104705E+04,0.235038E-01,0.968933E-02
0.104785E+04,0.235252E-01,0.970069E-02
0.104865E+04,0.235465E-01,0.971206E-02
0.104945E+04,0.235677E-01,0.972342E-02
0.105025E+04,0.235888E-01,0.973479E-02
0.105105E+04,0.236099E-01,0.974615E-02
0.105185E+04,0.236308E-01,0.975752E-02
0.105265E+04,0.236517E-01,0.976888E-02
0.105345E+04,0.236725E-01,0.978024E-02
0.105425E+04,0.236932E-01,0.979161E-02
0.105506E+04,0.237139E-01,0.980297E-02
0.105586E+04,0.237344E-01,0.981434E-02
0.105666E+04,0.237549E-01,0.982570E-02
0.105746E+04,0.237753E-01,0.983706E-02
0.105826E+04,0.237956E-01,0.984843E-02
0.105906E+04,0.238158E-01,0.985979E-02
0.105986E+04,0.238360E-01,0.987115E-02
0.106066E+04,0.238560E-01,0.988252E-02
0.106146E+04,0.238760E-01,0.989388E-02
0.106226E+04,0.238959E-01,0.990524E-02
0.106306E+04,0.239158E-01,0.991661E-02
0.106386E+04,0.239355E-01,0.992797E-02
0.106466E+04,0.239552E-01,0.993933E-02
0.106547E+04,0.239748E-01,0.995070E-02
0.106627E+04,0.239944E-01,0.996206E-02
0.106707E+04,0.240138E-01,0.997342E-02
0.106787E+04,0.240332E-01,0.998478E-02
0.106867E+04,0.240525E-01,0.999614E-02
0.106947E+04,0.240717E-01,0.100075E-01
0.107027E+04,0.240909E-01,0.100189E-01
0.107107E+04,0.241100E-01,0.100302E-01
0.107187E+04,0.241290E-01,0.100416E-01
0.107267E+04,0.241479E-01,0.100530E-01
0.107347E+04,0.241668E-01,0.100643E-01
0.107427E+04,0.241856E-01,0.100757E-01
0.107508E+04,0.242044E-01,0.100870E-01
0.107588E+04,0.242230E-01,0.100984E-01
0.107668E+04,0.242416E-01,0.101098E-01
0.107748E+04,0.242601E-01,0.101211E-01
0.107828E+04,0.242786E-01,0.101325E-01
0.107908E+04,0.242970E-01,0.101438E-01
0.107988E+04,0.243153E-01,0.101552E-01
0.108068E+04,0.243336E-01,0.101665E-01
0.108148E+04,0.243517E-01,0.101779E-01
0.108228E+04,0.243699E-01,0.101893E-01
0.108308E+04,0.243879E-01,0.102006E-01
0.108388E+04,0.244059E-01,0.102120E-01
0.108468E+04,0.244238E-01,0.102233E-01
0.108549E+04,0.244417E-01,0.102347E-01
0.108629E+04,0.244595E-01,0.102460E-01
0.108709E+04,0.244772E-01,0.102574E-01
0.108789E+04,0.244949E-01,0.102688E-01
0.108869E+04,0.245125E-01,0.102801E-01
0.108949E+04,0.245300E-01,0.102915E-01
0.109029E+04,0.245475E-01,0.103028E-01
0.109109E+04,0.245649E-01,0.103142E-01
0.109189E+04,0.245823E-01,0.103255E-01
0.109269E+04,0.245996E-01,0.103369E-01
0.109349E+04,0.246169E-01,0.103482E-01
0.109429E+04,0.246340E-01,0.103596E-01
0.109510E+04,0.246512E-01,0.103709E-01
0.109590E+04,0.246682E-01,0.103823E-01
0.109670E+04,0.246852E-01,0.103936E-01
0.109750E+04,0.247022E-01,0.104050E-01
0.109830E+04,0.247191E-01,0.104163E-01
0.109910E+04,0.247359E-01,0.104277E-01
0.109990E+04,0.247527E-01,0.104390E-01
0.110070E+04,0.247694E-01,0.104504E-01
0.110150E+04,0.247861E-01,0.104617E-01
0.110230E+04,0.248027E-01,0.104731E-01
0.110310E+04,0.248193E-01,0.104844E-01
0.110390E+04,0.248358E-01,0.104958E-01
0.110470E+04,0.248523E-01,0.105071E-01
0.110551E+04,0.248687E-01,0.105185E-01
0.110631E+04,0.248850E-01,0.105298E-01
0.110711E+04,0.249013E-01,0.105412E-01
0.110791E+04,0.249176E-01,0.105525E-01
0.110871E+04,0.249338E-01,0.105638E-01
0.110951E+04,0.249499E-01,0.105752E-01
0.111031E+04,0.249660E-01,0.105865E-01
0.111111E+04,0.249821E-01,0.105979E-01
0.111191E+04,0.249981E-01,0.106092E-01
0.111271E+04,0.250140E-01,0.106205E-01
0.111351E+04,0.250299E-01,0.106319E-01
0.111431E+04,0.250458E-01,0.106432E-01
0.111512E+04,0.250616E-01,0.106546E-01
0.111592E+04,0.250773E-01,0.106659E-01
0.111672E+04,0.250931E-01,0.106772E-01
0.111752E+04,0.251087E-01,0.106886E-01
0.111832E+04,0.251244E-01,0.106999E-01
0.111912E+04,0.251399E-01,0.107112E-01
0.111992E+04,0.251555E-01,0.107226E-01
0.112072E+04,0.251710E-01,0.107339E-01
0.112152E+04,0.251864E-01,0.107452E-01
0.112232E+04,0.252018E-01,0.107566E-01
0.112312E+04,0.252172E-01,0.107679E-01
0.112392E+04,0.252325E-01,0.107792E-01
0.112472E+04,0.252478E-01,0.107906E-01
0.112553E+04,0.252630E-01,0.108019E-01
0.112633E+04,0.252782E-01,0.108132E-01
0.112713E+04,0.252934E-01,0.108245E-01
0.112793E+04,0.253085E-01,0.108359E-01
0.112873E+04,0.253236E-01,0.108472E-01
0.112953E+04,0.253387E-01,0.108585E-01
0.113033E+04,0.253537E-01,0.108698E-01
0.113113E+04,0.253686E-01,0.108812E-01
0.113193E+04,0.253836E-01,0.108925E-01
0.113273E+04,0.253985E-01,0.109038E-01
0.113353E+04,0.254133E-01,0.109151E-01
0.113433E+04,0.254281E-01,0.109265E-01
0.113514E+04,0.254429E-01,0.109378E-01
0.113594E+04,0.254577E-01,0.109491E-01
0.113674E+04,0.254724E-01,0.109604E-01
0.113754E+04,0.254871E-01,0.109717E-01
0.113834E+04,0.255017E-01,0.109830E-01
0.113914E+04,0.255163E-01,0.109944E-01
0.113994E+04,0.255309E-01,0.110057E-01
0.114074E+04,0.255455E-01,0.110170E-01
0.114154E+04,0.255600E-01,0.110283E-01
0.114234E+04,0.255745E-01,0.110396E-01
0.114314E+04,0.255890E-01,0.110509E-01
0.114394E+04,0.256034E-01,0.110622E-01
0.114474E+04,0.256178E-01,0.110735E-01
0.114555E+04,0.256322E-01,0.110848E-01
0.114635E+04,0.256465E-01,0.110961E-01
0.114715E+04,0.256608E-01,0.111075E-01
0.114795E+04,0.256751E-01,0.111188E-01
0.114875E+04,0.256893E-01,0.111301E-01
0.114955E+04,0.257036E-01,0.111414E-01
0.115035E+04,0.257178E-01,0.111527E-01
0.115115E+04,0.257320E-01,0.111640E-01
0.115195E+04,0.257461E-01,0.111753E-01
0.115275E+04,0.257602E-01,0.111866E-01
0.115355E+04,0.257744E-01,0.111979E-01
0.115435E+04,0.257884E-01,0.112092E-01
0.115516E+04,0.258025E-01,0.112205E-01
0.115596E+04,0.258165E-01,0.112318E-01
0.115676E+04,0.258305E-01,0.112430E-01
0.115756E+04,0.258445E-01,0.112543E-01
0.115836E+04,0.258585E-01,0.112656E-01
0.115916E+04,0.258724E-01,0.112769E-01
0.115996E+04,0.258864E-01,0.112882E-01
0.116076E+04,0.259003E-01,0.112995E-01
0.116156E+04,0.259141E-01,0.113108E-01
0.116236E+04,0.259280E-01,0.113221E-01
0.116316E+04,0.259419E-01,0.113334E-01
0.116396E+04,0.259557E-01,0.113446E-01
0.116476E+04,0.259695E-01,0.113559E-01
0.116557E+04,0.259833E-01,0.113672E-01
0.116637E+04,0.259971E-01,0.113785E-01
0.116717E+04,0.260108E-01,0.113898E-01
0.116797E+04,0.260246E-01,0.114010E-01
0.116877E+04,0.260383E-01,0.114123E-01
0.116957E+04,0.260520E-01,0.114236E-01
0.117037E+04,0.260657E-01,0.114349E-01
0.117117E+04,0.260794E-01,0.114461E-01
0.117197E+04,0.260930E-01,0.114574E-01
0.117277E+04,0.261067E-01,0.114687E-01
0.117357E+04,0.261203E-01,0.114800E-01
0.117437E+04,0.261340E-01,0.114912E-01
0.117518E+04,0.261476E-01,0.115025E-01
0.117598E+04,0.261612E-01,0.115138E-01
0.117678E+04,0.261748E-01,0.115250E-01
0.117758E+04,0.261884E-01,0.115363E-01
0.117838E+04,0.262020E-01,0.115475E-01
0.117918E+04,0.262155E-01,0.115588E-01
0.117998E+04,0.262291E-01,0.115701E-01
0.118078E+04,0.262426E-01,0.115813E-01
0.118158E+04,0.262562E-01,0.115926E-01
0.118238E+04,0.262697E-01,0.116038E-01
0.118318E+04,0.262832E-01,0.116151E-01
0.118398E+04,0.262967E-01,0.116263E-01
0.118478E+04,0.263103E-01,0.116376E-01
0.118559E+04,0.263238E-01,0.116488E-01
0.118639E+04,0.263373E-01,0.116601E-01
0.118719E+04,0.263508E-01,0.116713E-01
0.118799E+04,0.263642E-01,0.116826E-01
0.118879E+04,0.263777E-01,0.116938E-01
0.118959E+04,0.263912E-01,0.117051E-01
0.119039E+04,0.264047E-01,0.117163E-01
0.119119E+04,0.264182E-01,0.117276E-01
0.119199E+04,0.264317E-01,0.117388E-01
0.119279E+04,0.264451E-01,0.117500E-01
0.119359E+04,0.264586E-01,0.117613E-01
0.119439E+04,0.264721E-01,0.117725E-01
0.119520E+04,0.264855E-01,0.117837E-01
0.119600E+04,0.264990E-01,0.117950E-01
0.119680E+04,0.265125E-01,0.118062E-01
0.119760E+04,0.265260E-01,0.118174E-01
0.119840E+04,0.265394E-01,0.118287E-01
0.119920E+04,0.265529E-01,0.118399E-01
0.120000E+04,0.265664E-01,0.118511E-01
